"Fund Holdings as of,""17/Oct/2018"""
 
Issuer Ticker,Name,Asset Class,Weight (%),Price,Nominal,Market Value,Notional Value,Sector,ISIN,Exchange,Country,Market Currency
"LEG,""LEG IMMOBILIEN N AG"",""Equity"",""1.31"",""99.80"",""106,808.00"",""10,659,438.40"",""10,659,438.40"",""Real Estate"",""DE000LEG1110"",""Xetra"",""Germany"",""EUR"""
"KRX,""KINGSPAN GROUP PLC"",""Equity"",""1.26"",""39.98"",""257,828.00"",""10,307,963.44"",""10,307,963.44"",""Industrials"",""IE0004927939"",""Irish Stock Exchange - All Market"",""Ireland"",""EUR"""
"ASRNL,""ASR NEDERLAND NV"",""Equity"",""1.22"",""40.04"",""248,702.00"",""9,958,028.08"",""9,958,028.08"",""Financials"",""NL0011872643"",""Euronext Amsterdam"",""Netherlands"",""EUR"""
"ORP,""ORPEA S.A."",""Equity"",""0.98"",""104.50"",""76,491.00"",""7,993,309.50"",""7,993,309.50"",""Health Care"",""FR0000184798"",""Nyse Euronext - Euronext Paris"",""France"",""EUR"""
"MRL,""MERLIN PROPERTIES REIT SA"",""Equity"",""0.82"",""11.26"",""595,628.00"",""6,706,771.28"",""6,706,771.28"",""Real Estate"",""ES0105025003"",""Bolsa De Madrid"",""Spain"",""EUR"""
"INXN,""INTERXION HOLDING NV"",""Equity"",""0.81"",""54.28"",""121,063.00"",""6,571,076.40"",""6,571,076.40"",""Information Technology"",""NL0009693779"",""New York Stock Exchange Inc."",""Netherlands"",""USD"""
"RUI,""RUBIS"",""Equity"",""0.80"",""45.44"",""144,355.00"",""6,559,491.20"",""6,559,491.20"",""Utilities"",""FR0013269123"",""Nyse Euronext - Euronext Paris"",""France"",""EUR"""
"GTO,""GEMALTO NV"",""Equity"",""0.80"",""50.28"",""130,386.00"",""6,555,808.08"",""6,555,808.08"",""Information Technology"",""NL0000400653"",""Euronext Amsterdam"",""Netherlands"",""EUR"""
"FBK,""FINECOBANK BANCA FINECO"",""Equity"",""0.79"",""9.69"",""668,952.00"",""6,479,469.07"",""6,479,469.07"",""Financials"",""IT0000072170"",""Borsa Italiana"",""Italy"",""EUR"""
"AMEAS,""AMER SPORTS"",""Equity"",""0.79"",""34.41"",""187,857.00"",""6,464,159.37"",""6,464,159.37"",""Consumer Discretionary"",""FI0009000285"",""Nasdaq Omx Helsinki Ltd."",""Finland"",""EUR"""
"G24,""SCOUT24 N AG"",""Equity"",""0.77"",""34.48"",""182,278.00"",""6,284,945.44"",""6,284,945.44"",""Communication"",""DE000A12DM80"",""Xetra"",""Germany"",""EUR"""
"GLPG,""GALAPAGOS NV"",""Equity"",""0.76"",""89.34"",""69,217.00"",""6,183,846.78"",""6,183,846.78"",""Health Care"",""BE0003818359"",""Euronext Amsterdam"",""Belgium"",""EUR"""
"RHM,""RHEINMETALL AG"",""Equity"",""0.73"",""80.00"",""73,903.00"",""5,912,240.00"",""5,912,240.00"",""Industrials"",""DE0007030009"",""Xetra"",""Germany"",""EUR"""
"ELIS,""ELIS SA"",""Equity"",""0.71"",""17.35"",""335,191.00"",""5,815,563.85"",""5,815,563.85"",""Industrials"",""FR0012435121"",""Nyse Euronext - Euronext Paris"",""France"",""EUR"""
"ACKB,""ACKERMANS & VAN HAAREN NV"",""Equity"",""0.69"",""140.70"",""39,823.00"",""5,603,096.10"",""5,603,096.10"",""Financials"",""BE0003764785"",""Nyse Euronext - Euronext Brussels"",""Belgium"",""EUR"""
"CLNX,""CELLNEX TELECOM SA"",""Equity"",""0.68"",""21.69"",""255,328.00"",""5,538,064.32"",""5,538,064.32"",""Communication"",""ES0105066007"",""Bolsa De Madrid"",""Spain"",""EUR"""
"AALB,""AALBERTS INDUSTRIES NV"",""Equity"",""0.68"",""32.77"",""168,995.00"",""5,537,966.15"",""5,537,966.15"",""Industrials"",""NL0000852564"",""Euronext Amsterdam"",""Netherlands"",""EUR"""
"IMCD,""IMCD NV"",""Equity"",""0.66"",""60.85"",""88,330.00"",""5,374,880.50"",""5,374,880.50"",""Industrials"",""NL0010801007"",""Euronext Amsterdam"",""Netherlands"",""EUR"""
"ENX,""EURONEXT NV"",""Equity"",""0.65"",""56.20"",""94,028.00"",""5,284,373.60"",""5,284,373.60"",""Financials"",""NL0006294274"",""Nyse Euronext - Euronext Paris"",""France"",""EUR"""
"EUR,""EUR CASH"",""Cash"",""0.65"",""100.00"",""5,259,827.00"",""5,259,827.14"",""5,259,827.14"",""Cash and/or Derivatives"",""-"",""-"",""European Union"",""EUR"""
"KESKOB,""KESKO CLASS B"",""Equity"",""0.63"",""46.80"",""110,333.00"",""5,163,584.40"",""5,163,584.40"",""Consumer Staples"",""FI0009000202"",""Nasdaq Omx Helsinki Ltd."",""Finland"",""EUR"""
"UBI,""UNIONE DI BANCHE ITALIANE"",""Equity"",""0.63"",""2.98"",""1,729,484.00"",""5,146,944.38"",""5,146,944.38"",""Financials"",""IT0003487029"",""Borsa Italiana"",""Italy"",""EUR"""
"SPM,""SAIPEM"",""Equity"",""0.61"",""4.91"",""1,018,629.00"",""5,004,524.28"",""5,004,524.28"",""Energy"",""IT0005252140"",""Borsa Italiana"",""Italy"",""EUR"""
"GL9,""GLANBIA PLC"",""Equity"",""0.61"",""14.33"",""348,025.00"",""4,987,198.25"",""4,987,198.25"",""Consumer Staples"",""IE0000669501"",""Irish Stock Exchange - All Market"",""Ireland"",""EUR"""
"DIM,""SARTORIUS STEDIM BIOTECH SA"",""Equity"",""0.59"",""104.00"",""46,460.00"",""4,831,840.00"",""4,831,840.00"",""Health Care"",""FR0013154002"",""Nyse Euronext - Euronext Paris"",""France"",""EUR"""
"AFX,""CARL ZEISS MEDITEC AG"",""Equity"",""0.59"",""69.85"",""68,576.00"",""4,790,033.60"",""4,790,033.60"",""Health Care"",""DE0005313704"",""Xetra"",""Germany"",""EUR"""
"HUH1V,""HUHTAMAKI"",""Equity"",""0.58"",""26.35"",""180,963.00"",""4,768,375.05"",""4,768,375.05"",""Materials"",""FI0009000459"",""Nasdaq Omx Helsinki Ltd."",""Finland"",""EUR"""
"BAMI,""BANCO BPM"",""Equity"",""0.58"",""1.86"",""2,544,435.00"",""4,721,453.59"",""4,721,453.59"",""Financials"",""IT0005218380"",""Borsa Italiana"",""Italy"",""EUR"""
"SBMO,""SBM OFFSHORE NV"",""Equity"",""0.56"",""15.60"",""293,574.00"",""4,579,754.40"",""4,579,754.40"",""Energy"",""NL0000360618"",""Euronext Amsterdam"",""Netherlands"",""EUR"""
"MMB,""LAGARDERE"",""Equity"",""0.56"",""25.59"",""178,959.00"",""4,579,560.81"",""4,579,560.81"",""Communication"",""FR0000130213"",""Nyse Euronext - Euronext Paris"",""France"",""EUR"""
"MOR,""MORPHOSYS AG"",""Equity"",""0.55"",""84.10"",""53,666.00"",""4,513,310.60"",""4,513,310.60"",""Health Care"",""DE0006632003"",""Xetra"",""Germany"",""EUR"""
"SOF,""SOFINA S.A."",""Equity"",""0.55"",""170.40"",""26,281.00"",""4,478,282.40"",""4,478,282.40"",""Financials"",""BE0003717312"",""Nyse Euronext - Euronext Brussels"",""Belgium"",""EUR"""
"FNTN,""FREENET AG"",""Equity"",""0.52"",""19.84"",""215,058.00"",""4,266,750.72"",""4,266,750.72"",""Communication"",""DE000A0Z2ZZ5"",""Xetra"",""Germany"",""EUR"""
"GYC,""GRAND CITY PROPERTIES SA"",""Equity"",""0.52"",""21.62"",""196,673.00"",""4,252,070.26"",""4,252,070.26"",""Real Estate"",""LU0775917882"",""Xetra"",""Germany"",""EUR"""
"TEG,""TAG IMMOBILIEN AG"",""Equity"",""0.52"",""20.10"",""209,095.00"",""4,202,809.50"",""4,202,809.50"",""Real Estate"",""DE0008303504"",""Xetra"",""Germany"",""EUR"""
"LIGHT,""SIGNIFY NV"",""Equity"",""0.50"",""21.71"",""188,332.00"",""4,088,687.72"",""4,088,687.72"",""Industrials"",""NL0011821392"",""Euronext Amsterdam"",""Netherlands"",""EUR"""
"WIE,""WIENERBERGER AG"",""Equity"",""0.50"",""20.70"",""197,350.00"",""4,085,145.00"",""4,085,145.00"",""Materials"",""AT0000831706"",""Wiener Boerse Ag"",""Austria"",""EUR"""
"NEM,""NEMETSCHEK"",""Equity"",""0.50"",""123.90"",""32,826.00"",""4,067,141.40"",""4,067,141.40"",""Information Technology"",""DE0006452907"",""Xetra"",""Germany"",""EUR"""
"VALMT,""VALMET"",""Equity"",""0.50"",""19.01"",""213,927.00"",""4,066,752.27"",""4,066,752.27"",""Industrials"",""FI4000074984"",""Nasdaq Omx Helsinki Ltd."",""Finland"",""EUR"""
"BC8,""BECHTLE AG"",""Equity"",""0.50"",""82.30"",""49,396.00"",""4,065,290.80"",""4,065,290.80"",""Information Technology"",""DE0005158703"",""Xetra"",""Germany"",""EUR"""
"VIS,""VISCOFAN S.A."",""Equity"",""0.50"",""60.10"",""67,491.00"",""4,056,209.10"",""4,056,209.10"",""Consumer Staples"",""ES0184262212"",""Bolsa De Madrid"",""Spain"",""EUR"""
"COFB,""COFINIMMO REIT SA"",""Equity"",""0.49"",""106.20"",""37,449.00"",""3,977,083.80"",""3,977,083.80"",""Real Estate"",""BE0003593044"",""Nyse Euronext - Euronext Brussels"",""Belgium"",""EUR"""
"ATE,""ALTEN SA"",""Equity"",""0.48"",""81.45"",""48,285.00"",""3,932,813.25"",""3,932,813.25"",""Information Technology"",""FR0000071946"",""Nyse Euronext - Euronext Paris"",""France"",""EUR"""
"A2A,""A2A"",""Equity"",""0.47"",""1.45"",""2,677,161.00"",""3,868,497.65"",""3,868,497.65"",""Utilities"",""IT0001233417"",""Borsa Italiana"",""Italy"",""EUR"""
"COL,""INMOBILIARIA COLONIAL SA"",""Equity"",""0.46"",""8.65"",""436,779.00"",""3,780,322.24"",""3,780,322.24"",""Real Estate"",""ES0139140174"",""Bolsa De Madrid"",""Spain"",""EUR"""
"IG,""ITALGAS"",""Equity"",""0.46"",""4.48"",""829,862.00"",""3,720,271.35"",""3,720,271.35"",""Utilities"",""IT0005211237"",""Borsa Italiana"",""Italy"",""EUR"""
"EVT,""EVOTEC AG"",""Equity"",""0.45"",""17.34"",""213,764.00"",""3,705,598.94"",""3,705,598.94"",""Health Care"",""DE0005664809"",""Xetra"",""Germany"",""EUR"""
"GLJ,""GRENKE N AG"",""Equity"",""0.45"",""90.40"",""40,912.00"",""3,698,444.80"",""3,698,444.80"",""Financials"",""DE000A161N30"",""Xetra"",""Germany"",""EUR"""
"BOKA,""KONINKLIJKE BOSKALIS WESTMINSTER N"",""Equity"",""0.44"",""24.91"",""145,585.00"",""3,626,522.35"",""3,626,522.35"",""Industrials"",""NL0000852580"",""Euronext Amsterdam"",""Netherlands"",""EUR"""
"NDA,""AURUBIS AG"",""Equity"",""0.44"",""55.98"",""64,167.00"",""3,592,068.66"",""3,592,068.66"",""Materials"",""DE0006766504"",""Xetra"",""Germany"",""EUR"""
"BCP,""BANCO COMERCIAL PORTUGUES SA"",""Equity"",""0.44"",""0.23"",""15,228,867.00"",""3,571,169.31"",""3,571,169.31"",""Financials"",""PTBCP0AM0015"",""Nyse Euronext - Euronext Lisbon"",""Portugal"",""EUR"""
"WAF,""SILTRONIC N AG"",""Equity"",""0.44"",""99.24"",""35,809.00"",""3,553,685.16"",""3,553,685.16"",""Information Technology"",""DE000WAF3001"",""Xetra"",""Germany"",""EUR"""
"TLG,""TLG IMMOBILEN AG"",""Equity"",""0.42"",""22.38"",""154,226.00"",""3,451,577.88"",""3,451,577.88"",""Real Estate"",""DE000A12B8Z4"",""Xetra"",""Germany"",""EUR"""
"SAZ,""STADA ARZNEIMITTEL AG"",""Equity"",""0.42"",""81.72"",""42,168.00"",""3,445,968.96"",""3,445,968.96"",""Health Care"",""DE0007251803"",""Xetra"",""Germany"",""EUR"""
"RAA,""RATIONAL AG"",""Equity"",""0.42"",""598.00"",""5,736.00"",""3,430,128.00"",""3,430,128.00"",""Industrials"",""DE0007010803"",""Xetra"",""Germany"",""EUR"""
"OCI,""OCI NV"",""Equity"",""0.42"",""27.44"",""124,076.00"",""3,404,645.44"",""3,404,645.44"",""Materials"",""NL0010558797"",""Euronext Amsterdam"",""Netherlands"",""EUR"""
"EVD,""CTS EVENTIM AG"",""Equity"",""0.41"",""34.90"",""96,735.00"",""3,376,051.50"",""3,376,051.50"",""Communication"",""DE0005470306"",""Xetra"",""Germany"",""EUR"""
"ARL,""AAREAL BANK AG"",""Equity"",""0.41"",""34.79"",""96,223.00"",""3,347,598.17"",""3,347,598.17"",""Financials"",""DE0005408116"",""Xetra"",""Germany"",""EUR"""
"BME,""BOLSAS & MERCADOS ESPANOLES SA"",""Equity"",""0.41"",""25.94"",""128,254.00"",""3,326,908.76"",""3,326,908.76"",""Financials"",""ES0115056139"",""Bolsa De Madrid"",""Spain"",""EUR"""
"HER,""HERA S.P.A."",""Equity"",""0.41"",""2.42"",""1,375,781.00"",""3,326,638.46"",""3,326,638.46"",""Utilities"",""IT0001250932"",""Borsa Italiana"",""Italy"",""EUR"""
"ASM,""ASM INTERNATIONAL NV"",""Equity"",""0.40"",""42.05"",""78,468.00"",""3,299,579.40"",""3,299,579.40"",""Information Technology"",""NL0000334118"",""Euronext Amsterdam"",""Netherlands"",""EUR"""
"AOX,""ALSTRIA OFFICE REIT AG"",""Equity"",""0.40"",""12.96"",""254,032.00"",""3,292,254.72"",""3,292,254.72"",""Real Estate"",""DE000A0LD2U1"",""Xetra"",""Germany"",""EUR"""
"IP,""INTERPUMP GROUP S.P.A."",""Equity"",""0.40"",""25.60"",""127,604.00"",""3,266,662.40"",""3,266,662.40"",""Industrials"",""IT0001078911"",""Borsa Italiana"",""Italy"",""EUR"""
"GXI,""GERRESHEIMER AG"",""Equity"",""0.40"",""60.25"",""53,700.00"",""3,235,425.00"",""3,235,425.00"",""Health Care"",""DE000A0LD6E6"",""Xetra"",""Germany"",""EUR"""
"CAI,""CA IMMOBILIEN ANLAGEN AG"",""Equity"",""0.39"",""29.66"",""107,881.00"",""3,199,750.46"",""3,199,750.46"",""Real Estate"",""AT0000641352"",""Wiener Boerse Ag"",""Austria"",""EUR"""
"WDP,""WAREHOUSES DE PAUW REIT"",""Equity"",""0.39"",""111.60"",""28,628.00"",""3,194,884.80"",""3,194,884.80"",""Real Estate"",""BE0003763779"",""Nyse Euronext - Euronext Brussels"",""Belgium"",""EUR"""
"KCR,""KONECRANES"",""Equity"",""0.39"",""28.30"",""112,665.00"",""3,188,419.50"",""3,188,419.50"",""Industrials"",""FI0009005870"",""Nasdaq Omx Helsinki Ltd."",""Finland"",""EUR"""
"APAM,""APERAM SA"",""Equity"",""0.39"",""36.92"",""86,140.00"",""3,180,288.80"",""3,180,288.80"",""Materials"",""LU0569974404"",""Euronext Amsterdam"",""France"",""EUR"""
"IIA,""IMMOFINANZ AG"",""Equity"",""0.39"",""21.18"",""149,566.00"",""3,167,807.88"",""3,167,807.88"",""Real Estate"",""AT0000A21KS2"",""Wiener Boerse Ag"",""Austria"",""EUR"""
"ACX,""ACERINOX SA"",""Equity"",""0.39"",""11.40"",""277,435.00"",""3,161,371.82"",""3,161,371.82"",""Materials"",""ES0132105018"",""Bolsa De Madrid"",""Spain"",""EUR"""
"DIA,""DIASORIN S.P.A."",""Equity"",""0.38"",""81.60"",""38,408.00"",""3,134,092.80"",""3,134,092.80"",""Health Care"",""IT0003492391"",""Borsa Italiana"",""Italy"",""EUR"""
"NXI,""NEXITY SA"",""Equity"",""0.38"",""43.76"",""71,022.00"",""3,107,922.72"",""3,107,922.72"",""Real Estate"",""FR0010112524"",""Nyse Euronext - Euronext Paris"",""France"",""EUR"""
"RKET,""ROCKET INTERNET"",""Equity"",""0.38"",""26.16"",""117,212.00"",""3,066,265.92"",""3,066,265.92"",""Consumer Discretionary"",""DE000A12UKK6"",""Xetra"",""Germany"",""EUR"""
"SOP,""SOPRA STERIA GROUP"",""Equity"",""0.37"",""123.80"",""24,656.00"",""3,052,412.80"",""3,052,412.80"",""Information Technology"",""FR0000050809"",""Nyse Euronext - Euronext Paris"",""France"",""EUR"""
"ALT,""ALTRAN TECHNOLOGIES SA"",""Equity"",""0.37"",""7.75"",""390,748.00"",""3,030,250.74"",""3,030,250.74"",""Information Technology"",""FR0000034639"",""Nyse Euronext - Euronext Paris"",""France"",""EUR"""
"WLN,""WORLDLINE SA"",""Equity"",""0.37"",""45.46"",""66,582.00"",""3,026,817.72"",""3,026,817.72"",""Information Technology"",""FR0011981968"",""Nyse Euronext - Euronext Paris"",""France"",""EUR"""
"SOW,""SOFTWARE AG"",""Equity"",""0.37"",""36.82"",""81,133.00"",""2,987,317.06"",""2,987,317.06"",""Information Technology"",""DE000A2GS401"",""Xetra"",""Germany"",""EUR"""
"TWEKA,""TKH GROUP NV"",""Equity"",""0.37"",""46.00"",""64,726.00"",""2,977,396.00"",""2,977,396.00"",""Industrials"",""NL0000852523"",""Euronext Amsterdam"",""Netherlands"",""EUR"""
"ANA,""ACCIONA SA"",""Equity"",""0.36"",""75.24"",""39,210.00"",""2,950,160.40"",""2,950,160.40"",""Utilities"",""ES0125220311"",""Bolsa De Madrid"",""Spain"",""EUR"""
"SPIE,""SPIE SA"",""Equity"",""0.36"",""15.15"",""194,036.00"",""2,939,645.40"",""2,939,645.40"",""Industrials"",""FR0012757854"",""Nyse Euronext - Euronext Paris"",""France"",""EUR"""
"DLG,""DELONGHI S.P.A."",""Equity"",""0.36"",""25.40"",""115,553.00"",""2,935,046.20"",""2,935,046.20"",""Consumer Discretionary"",""IT0003115950"",""Borsa Italiana"",""Italy"",""EUR"""
"KBCA,""KBC ANCORA"",""Equity"",""0.35"",""43.16"",""65,749.00"",""2,837,726.84"",""2,837,726.84"",""Financials"",""BE0003867844"",""Nyse Euronext - Euronext Brussels"",""Belgium"",""EUR"""
"POM,""COMPAGNIIE PLASTIC OMNIUM SA"",""Equity"",""0.35"",""27.33"",""103,714.00"",""2,834,503.62"",""2,834,503.62"",""Consumer Discretionary"",""FR0000124570"",""Nyse Euronext - Euronext Paris"",""France"",""EUR"""
"PBB,""DEUTSCHE PFANDBRIEFBANK AG"",""Equity"",""0.34"",""12.44"",""225,847.00"",""2,809,536.68"",""2,809,536.68"",""Financials"",""DE0008019001"",""Xetra"",""Germany"",""EUR"""
"CRBN,""CORBION NV NV"",""Equity"",""0.34"",""27.66"",""100,956.00"",""2,792,442.96"",""2,792,442.96"",""Materials"",""NL0010583399"",""Euronext Amsterdam"",""Netherlands"",""EUR"""
"CIE,""CIE AUTOMOTIVE SA"",""Equity"",""0.34"",""22.90"",""121,330.00"",""2,778,457.00"",""2,778,457.00"",""Consumer Discretionary"",""ES0105630315"",""Bolsa De Madrid"",""Spain"",""EUR"""
"DLG,""DIALOG SEMICON PLC"",""Equity"",""0.34"",""21.64"",""128,296.00"",""2,776,325.44"",""2,776,325.44"",""Information Technology"",""GB0059822006"",""Xetra"",""Germany"",""EUR"""
"KORI,""KORIAN SA"",""Equity"",""0.34"",""33.98"",""81,574.00"",""2,771,884.52"",""2,771,884.52"",""Health Care"",""FR0010386334"",""Nyse Euronext - Euronext Paris"",""France"",""EUR"""
"DUE,""DUERR AG"",""Equity"",""0.33"",""30.00"",""89,025.00"",""2,670,750.00"",""2,670,750.00"",""Industrials"",""DE0005565204"",""Xetra"",""Germany"",""EUR"""
"SZG,""SALZGITTER AG"",""Equity"",""0.33"",""40.61"",""65,661.00"",""2,666,493.21"",""2,666,493.21"",""Materials"",""DE0006202005"",""Xetra"",""Germany"",""EUR"""
"BG,""BAWAG GROUP AG"",""Equity"",""0.32"",""39.28"",""67,190.00"",""2,639,223.20"",""2,639,223.20"",""Financials"",""AT0000BAWAG2"",""Wiener Boerse Ag"",""Austria"",""EUR"""
"AF,""AIR FRANCE-KLM SA"",""Equity"",""0.32"",""8.09"",""325,361.00"",""2,632,170.49"",""2,632,170.49"",""Industrials"",""FR0000031122"",""Nyse Euronext - Euronext Paris"",""France"",""EUR"""
"APPS,""APPLUS SERVICES SA"",""Equity"",""0.32"",""12.15"",""216,182.00"",""2,626,611.30"",""2,626,611.30"",""Industrials"",""ES0105022000"",""Bolsa De Madrid"",""Spain"",""EUR"""
"ELI,""ELIA SYSTEM OPERATOR SA"",""Equity"",""0.32"",""57.00"",""46,023.00"",""2,623,311.00"",""2,623,311.00"",""Utilities"",""BE0003822393"",""Nyse Euronext - Euronext Brussels"",""Belgium"",""EUR"""
"CERV,""CERVED INFORMATION SOLUTIONS"",""Equity"",""0.32"",""7.93"",""327,981.00"",""2,602,529.23"",""2,602,529.23"",""Financials"",""IT0005010423"",""Borsa Italiana"",""Italy"",""EUR"""
"STM,""STABILUS SA"",""Equity"",""0.32"",""62.00"",""41,463.00"",""2,570,706.00"",""2,570,706.00"",""Industrials"",""LU1066226637"",""Xetra"",""Germany"",""EUR"""
"INW,""INFRASTRUTTURE WIRELESS ITALIANE"",""Equity"",""0.31"",""6.33"",""404,909.00"",""2,563,073.97"",""2,563,073.97"",""Communication"",""IT0005090300"",""Borsa Italiana"",""Italy"",""EUR"""
"NOEJ,""NORMA GROUP"",""Equity"",""0.31"",""47.74"",""53,526.00"",""2,555,331.24"",""2,555,331.24"",""Industrials"",""DE000A1H8BV3"",""Xetra"",""Germany"",""EUR"""
"BRE,""FRENI BREMBO"",""Equity"",""0.31"",""9.93"",""252,404.00"",""2,506,371.72"",""2,506,371.72"",""Consumer Discretionary"",""IT0005252728"",""Borsa Italiana"",""Italy"",""EUR"""
"METSB,""METSA BOARD CLASS B"",""Equity"",""0.31"",""7.54"",""330,127.00"",""2,487,506.94"",""2,487,506.94"",""Materials"",""FI0009000665"",""Nasdaq Omx Helsinki Ltd."",""Finland"",""EUR"""
"VK,""VALLOUREC SA"",""Equity"",""0.30"",""4.62"",""538,365.00"",""2,485,092.84"",""2,485,092.84"",""Energy"",""FR0000120354"",""Nyse Euronext - Euronext Paris"",""France"",""EUR"""
"CGG,""CGG SA"",""Equity"",""0.30"",""2.21"",""1,123,683.00"",""2,483,339.43"",""2,483,339.43"",""Energy"",""FR0013181864"",""Nyse Euronext - Euronext Paris"",""France"",""EUR"""
"AZM,""AZIMUT HOLDING S.P.A."",""Equity"",""0.30"",""12.07"",""203,438.00"",""2,455,496.66"",""2,455,496.66"",""Financials"",""IT0003261697"",""Borsa Italiana"",""Italy"",""EUR"""
"GCO,""GRUPO CATALANA OCCIDENTE S.A."",""Equity"",""0.30"",""34.65"",""70,839.00"",""2,454,571.35"",""2,454,571.35"",""Financials"",""ES0116920333"",""Bolsa De Madrid"",""Spain"",""EUR"""
"BPE,""BPER BANCA"",""Equity"",""0.30"",""3.57"",""687,035.00"",""2,454,089.02"",""2,454,089.02"",""Financials"",""IT0000066123"",""Borsa Italiana"",""Italy"",""EUR"""
"ALD,""ALD SA"",""Equity"",""0.30"",""14.25"",""170,407.00"",""2,428,299.75"",""2,428,299.75"",""Industrials"",""FR0013258662"",""Nyse Euronext - Euronext Paris"",""France"",""EUR"""
"ADJ,""ADO PROPERTIES"",""Equity"",""0.30"",""50.15"",""48,365.00"",""2,425,504.75"",""2,425,504.75"",""Real Estate"",""LU1250154413"",""Xetra"",""Germany"",""EUR"""
"JEN,""JENOPTIK N AG"",""Equity"",""0.30"",""27.90"",""86,511.00"",""2,413,656.90"",""2,413,656.90"",""Information Technology"",""DE000A2NB601"",""Xetra"",""Germany"",""EUR"""
"CGCBV,""CARGOTEC OYJ"",""Equity"",""0.29"",""36.82"",""65,157.00"",""2,399,080.74"",""2,399,080.74"",""Industrials"",""FI0009013429"",""Nasdaq Omx Helsinki Ltd."",""Finland"",""EUR"""
"OUT1V,""OUTOKUMPU"",""Equity"",""0.29"",""4.55"",""526,847.00"",""2,395,573.31"",""2,395,573.31"",""Materials"",""FI0009002422"",""Nasdaq Omx Helsinki Ltd."",""Finland"",""EUR"""
"AED,""AEDIFICA REIT SA"",""Equity"",""0.29"",""79.00"",""30,197.00"",""2,385,563.00"",""2,385,563.00"",""Real Estate"",""BE0003851681"",""Nyse Euronext - Euronext Brussels"",""Belgium"",""EUR"""
"BESI,""BE SEMICONDUCTOR INDUSTRIES NV"",""Equity"",""0.29"",""18.64"",""127,758.00"",""2,381,409.12"",""2,381,409.12"",""Information Technology"",""NL0012866412"",""Euronext Amsterdam"",""Netherlands"",""EUR"""
"BMED,""BANCA MEDIOLANUM"",""Equity"",""0.29"",""5.43"",""437,086.00"",""2,373,376.98"",""2,373,376.98"",""Financials"",""IT0004776628"",""Borsa Italiana"",""Italy"",""EUR"""
"JUN3,""JUNGHEINRICH PREF AG"",""Equity"",""0.29"",""29.28"",""80,763.00"",""2,364,740.64"",""2,364,740.64"",""Industrials"",""DE0006219934"",""Xetra"",""Germany"",""EUR"""
"TIETO,""TIETO"",""Equity"",""0.29"",""25.20"",""93,771.00"",""2,363,029.20"",""2,363,029.20"",""Information Technology"",""FI0009000277"",""Nasdaq Omx Helsinki Ltd."",""Finland"",""EUR"""
"UNI,""UNIPOL GRUPPO FINANZIARIO"",""Equity"",""0.29"",""3.53"",""666,853.00"",""2,353,324.24"",""2,353,324.24"",""Financials"",""IT0004810054"",""Borsa Italiana"",""Italy"",""EUR"""
"ECMPA,""EUROCOMMERCIAL PROPERTIES DUTCH CE"",""Equity"",""0.29"",""31.02"",""74,915.00"",""2,323,863.30"",""2,323,863.30"",""Real Estate"",""NL0000288876"",""Euronext Amsterdam"",""Netherlands"",""EUR"""
"KRN,""KRONES AG"",""Equity"",""0.28"",""86.90"",""26,561.00"",""2,308,150.90"",""2,308,150.90"",""Industrials"",""DE0006335003"",""Xetra"",""Germany"",""EUR"""
"ELIOR,""ELIOR GROUP SA"",""Equity"",""0.28"",""11.92"",""192,953.00"",""2,299,999.76"",""2,299,999.76"",""Consumer Discretionary"",""FR0011950732"",""Nyse Euronext - Euronext Paris"",""France"",""EUR"""
"DEQ,""DEUTSCHE EUROSHOP AG"",""Equity"",""0.28"",""27.48"",""83,559.00"",""2,296,201.32"",""2,296,201.32"",""Real Estate"",""DE0007480204"",""Xetra"",""Germany"",""EUR"""
"BPSO,""BANCA POPOLARE DI SONDRIO"",""Equity"",""0.28"",""2.98"",""771,355.00"",""2,295,552.48"",""2,295,552.48"",""Financials"",""IT0000784196"",""Borsa Italiana"",""Italy"",""EUR"""
"MAS,""MASMOVIL IBERCOM SA"",""Equity"",""0.28"",""109.60"",""20,835.00"",""2,283,516.00"",""2,283,516.00"",""Communication"",""ES0184696013"",""Bolsa De Madrid"",""Spain"",""EUR"""
"BPOST,""BPOST SA"",""Equity"",""0.28"",""13.36"",""169,348.00"",""2,262,489.28"",""2,262,489.28"",""Industrials"",""BE0974268972"",""Nyse Euronext - Euronext Brussels"",""Belgium"",""EUR"""
"EBRO,""EBRO FOODS S.A."",""Equity"",""0.28"",""17.44"",""129,178.00"",""2,252,864.32"",""2,252,864.32"",""Consumer Staples"",""ES0112501012"",""Bolsa De Madrid"",""Spain"",""EUR"""
"NOS,""NOS SGPS SA"",""Equity"",""0.28"",""5.13"",""437,121.00"",""2,242,430.73"",""2,242,430.73"",""Communication"",""PTZON0AM0006"",""Nyse Euronext - Euronext Lisbon"",""Portugal"",""EUR"""
"MELE,""MELEXIS NV"",""Equity"",""0.27"",""64.90"",""34,005.00"",""2,206,924.50"",""2,206,924.50"",""Information Technology"",""BE0165385973"",""Nyse Euronext - Euronext Brussels"",""Belgium"",""EUR"""
"PSG,""PROSEGUR S.A. COMPANIA DE SEGURIDA"",""Equity"",""0.27"",""4.70"",""468,512.00"",""2,202,006.40"",""2,202,006.40"",""Industrials"",""ES0175438003"",""Bolsa De Madrid"",""Spain"",""EUR"""
"ONTEX,""ONTEX GROUP NV"",""Equity"",""0.27"",""17.60"",""124,484.00"",""2,190,918.40"",""2,190,918.40"",""Consumer Staples"",""BE0974276082"",""Nyse Euronext - Euronext Brussels"",""Belgium"",""EUR"""
"SAX,""STROEER SE"",""Equity"",""0.27"",""45.58"",""48,055.00"",""2,190,346.90"",""2,190,346.90"",""Communication"",""DE0007493991"",""Xetra"",""Germany"",""EUR"""
"BZU,""BUZZI UNICEM SENZA VINCOLI DI RAPP"",""Equity"",""0.27"",""17.35"",""125,588.00"",""2,178,951.80"",""2,178,951.80"",""Materials"",""IT0001347308"",""Borsa Italiana"",""Italy"",""EUR"""
"AMP,""AMPLIFON S.P.A."",""Equity"",""0.27"",""16.31"",""133,029.00"",""2,169,702.99"",""2,169,702.99"",""Health Care"",""IT0004056880"",""Borsa Italiana"",""Italy"",""EUR"""
"IRE,""IREN S.P.A."",""Equity"",""0.26"",""1.93"",""1,097,383.00"",""2,117,949.19"",""2,117,949.19"",""Utilities"",""IT0003027817"",""Borsa Italiana"",""Italy"",""EUR"""
"GTT,""GAZTRANSPORT & TECHNIGAZ SA"",""Equity"",""0.26"",""67.70"",""31,130.00"",""2,107,501.00"",""2,107,501.00"",""Energy"",""FR0011726835"",""Nyse Euronext - Euronext Paris"",""France"",""EUR"""
"WHA,""WERELDHAVE NV"",""Equity"",""0.26"",""30.67"",""68,287.00"",""2,094,362.29"",""2,094,362.29"",""Real Estate"",""NL0000289213"",""Euronext Amsterdam"",""Netherlands"",""EUR"""
"EURN,""EURONAV NV"",""Equity"",""0.25"",""7.96"",""257,405.00"",""2,050,230.82"",""2,050,230.82"",""Energy"",""BE0003816338"",""Nyse Euronext - Euronext Brussels"",""Belgium"",""EUR"""
"TKWY,""TAKEAWAY.COM NV"",""Equity"",""0.25"",""56.50"",""36,241.00"",""2,047,616.50"",""2,047,616.50"",""Consumer Discretionary"",""NL0012015705"",""Euronext Amsterdam"",""Netherlands"",""EUR"""
"POST,""OSTERREICHISCHE POST AG"",""Equity"",""0.25"",""35.56"",""56,711.00"",""2,016,643.16"",""2,016,643.16"",""Industrials"",""AT0000APOST4"",""Wiener Boerse Ag"",""Austria"",""EUR"""
"BGN,""BANCA GENERALI S.P.A."",""Equity"",""0.25"",""20.24"",""99,391.00"",""2,011,673.84"",""2,011,673.84"",""Financials"",""IT0001031084"",""Borsa Italiana"",""Italy"",""EUR"""
"SOI,""SOITEC SA"",""Equity"",""0.25"",""63.30"",""31,584.00"",""1,999,267.20"",""1,999,267.20"",""Information Technology"",""FR0013227113"",""Nyse Euronext - Euronext Paris"",""France"",""EUR"""
"HOME,""NEINOR HOMES SA"",""Equity"",""0.24"",""14.94"",""132,666.00"",""1,982,030.04"",""1,982,030.04"",""Consumer Discretionary"",""ES0105251005"",""Bolsa De Madrid"",""Spain"",""EUR"""
"AMG,""AMG ADVANCED METALLURGICAL GROUP N"",""Equity"",""0.24"",""40.16"",""49,324.00"",""1,980,851.84"",""1,980,851.84"",""Materials"",""NL0000888691"",""Euronext Amsterdam"",""Netherlands"",""EUR"""
"GBF,""BILFINGER"",""Equity"",""0.24"",""37.68"",""52,505.00"",""1,978,388.40"",""1,978,388.40"",""Industrials"",""DE0005909006"",""Xetra"",""Germany"",""EUR"""
"UNI,""UNICAJA BANCO SA"",""Equity"",""0.24"",""1.33"",""1,487,327.00"",""1,978,144.91"",""1,978,144.91"",""Financials"",""ES0180907000"",""Bolsa De Madrid"",""Spain"",""EUR"""
"HLAG,""HAPAG LLOYD AG"",""Equity"",""0.24"",""33.42"",""59,045.00"",""1,973,283.90"",""1,973,283.90"",""Industrials"",""DE000HLAG475"",""Xetra"",""Germany"",""EUR"""
"COK,""CANCOM"",""Equity"",""0.24"",""34.60"",""56,460.00"",""1,953,516.00"",""1,953,516.00"",""Information Technology"",""DE0005419105"",""Xetra"",""Germany"",""EUR"""
"ANIM,""ANIMA HOLDING"",""Equity"",""0.24"",""3.77"",""517,314.00"",""1,950,273.78"",""1,950,273.78"",""Financials"",""IT0004998065"",""Borsa Italiana"",""Italy"",""EUR"""
"ZOT,""ZARDOYA OTIS SA"",""Equity"",""0.24"",""6.12"",""317,563.00"",""1,941,897.75"",""1,941,897.75"",""Industrials"",""ES0184933812"",""Bolsa De Madrid"",""Spain"",""EUR"""
"COP,""COMPUGROUP MEDICAL"",""Equity"",""0.24"",""47.68"",""40,696.00"",""1,940,385.28"",""1,940,385.28"",""Health Care"",""DE0005437305"",""Xetra"",""Germany"",""EUR"""
"TKA,""TELEKOM AUSTRIA AG"",""Equity"",""0.23"",""6.69"",""282,351.00"",""1,888,928.19"",""1,888,928.19"",""Communication"",""AT0000720008"",""Wiener Boerse Ag"",""Austria"",""EUR"""
"SIX2,""SIXT"",""Equity"",""0.23"",""91.00"",""20,675.00"",""1,881,425.00"",""1,881,425.00"",""Industrials"",""DE0007231326"",""Xetra"",""Germany"",""EUR"""
"PNL,""POSTNL NV"",""Equity"",""0.23"",""2.56"",""735,643.00"",""1,880,303.51"",""1,880,303.51"",""Industrials"",""NL0009739416"",""Euronext Amsterdam"",""Netherlands"",""EUR"""
"AIXA,""AIXTRON"",""Equity"",""0.23"",""9.92"",""189,438.00"",""1,879,603.84"",""1,879,603.84"",""Information Technology"",""DE000A0WMPJ6"",""Xetra"",""Germany"",""EUR"""
"AGL,""AUTOGRILL"",""Equity"",""0.23"",""8.66"",""216,738.00"",""1,876,951.08"",""1,876,951.08"",""Consumer Discretionary"",""IT0001137345"",""Borsa Italiana"",""Italy"",""EUR"""
"IDR,""INDRA SISTEMAS SA"",""Equity"",""0.23"",""8.96"",""208,912.00"",""1,871,851.52"",""1,871,851.52"",""Information Technology"",""ES0118594417"",""Bolsa De Madrid"",""Spain"",""EUR"""
"LOG,""LOGISTA CIA DE DISTRIBUCION INTEGR"",""Equity"",""0.23"",""20.96"",""89,180.00"",""1,869,212.80"",""1,869,212.80"",""Industrials"",""ES0105027009"",""Bolsa De Madrid"",""Spain"",""EUR"""
"KEMIRA,""KEMIRA"",""Equity"",""0.23"",""10.86"",""171,982.00"",""1,867,724.52"",""1,867,724.52"",""Materials"",""FI0009004824"",""Nasdaq Omx Helsinki Ltd."",""Finland"",""EUR"""
"IMA,""INDUSTRIA MACCHINE AUTOMATICHE"",""Equity"",""0.23"",""61.85"",""30,001.00"",""1,855,561.85"",""1,855,561.85"",""Industrials"",""IT0001049623"",""Borsa Italiana"",""Italy"",""EUR"""
"NHH,""NH HOTEL GROUP SA"",""Equity"",""0.23"",""6.29"",""294,107.00"",""1,849,933.03"",""1,849,933.03"",""Consumer Discretionary"",""ES0161560018"",""Bolsa De Madrid"",""Spain"",""EUR"""
"LNZ,""LENZING AG"",""Equity"",""0.23"",""82.00"",""22,469.00"",""1,842,458.00"",""1,842,458.00"",""Materials"",""AT0000644505"",""Wiener Boerse Ag"",""Austria"",""EUR"""
"CSTM,""CONSTELLIUM NV CLASS A"",""Equity"",""0.23"",""9.03"",""203,303.00"",""1,835,625.34"",""1,835,625.34"",""Materials"",""NL0010489522"",""New York Stock Exchange Inc."",""Netherlands"",""USD"""
"DHG,""DALATA HOTEL GROUP PLC"",""Equity"",""0.22"",""5.85"",""311,539.00"",""1,822,503.15"",""1,822,503.15"",""Consumer Discretionary"",""IE00BJMZDW83"",""Irish Stock Exchange - All Market"",""Ireland"",""EUR"""
"REY,""REPLY"",""Equity"",""0.22"",""52.70"",""34,536.00"",""1,820,047.20"",""1,820,047.20"",""Information Technology"",""IT0005282865"",""Borsa Italiana"",""Italy"",""EUR"""
"LEO,""LEONI N AG"",""Equity"",""0.22"",""32.82"",""54,869.00"",""1,800,800.58"",""1,800,800.58"",""Consumer Discretionary"",""DE0005408884"",""Xetra"",""Germany"",""EUR"""
"ENAV,""ENAV SPA"",""Equity"",""0.22"",""3.96"",""454,897.00"",""1,799,572.53"",""1,799,572.53"",""Industrials"",""IT0005176406"",""Borsa Italiana"",""Italy"",""EUR"""
"MEL,""MELIA HOTELS INTERNATIONAL SA"",""Equity"",""0.22"",""9.26"",""193,719.00"",""1,793,837.94"",""1,793,837.94"",""Consumer Discretionary"",""ES0176252718"",""Bolsa De Madrid"",""Spain"",""EUR"""
"CASS,""CATTOLICA ASS"",""Equity"",""0.22"",""7.01"",""252,865.00"",""1,772,583.65"",""1,772,583.65"",""Financials"",""IT0000784154"",""Borsa Italiana"",""Italy"",""EUR"""
"DNA,""DNA OYJ"",""Equity"",""0.22"",""19.85"",""88,848.00"",""1,763,632.80"",""1,763,632.80"",""Communication"",""FI4000062385"",""Nasdaq Omx Helsinki Ltd."",""Finland"",""EUR"""
"C5H,""CAIRN HOMES PLC"",""Equity"",""0.22"",""1.45"",""1,215,174.00"",""1,762,002.30"",""1,762,002.30"",""Consumer Discretionary"",""IE00BWY4ZF18"",""Irish Stock Exchange - All Market"",""Ireland"",""EUR"""
"SANT,""S&T AG"",""Equity"",""0.22"",""21.96"",""79,851.00"",""1,753,527.96"",""1,753,527.96"",""Information Technology"",""AT0000A0E9W5"",""Xetra"",""Germany"",""EUR"""
"ENC,""ENCE ENERGIA Y CELULOSA SA"",""Equity"",""0.21"",""7.53"",""231,863.00"",""1,744,769.08"",""1,744,769.08"",""Materials"",""ES0130625512"",""Bolsa De Madrid"",""Spain"",""EUR"""
"GCC,""C C GROUP PLC"",""Equity"",""0.21"",""3.31"",""522,099.00"",""1,730,758.19"",""1,730,758.19"",""Consumer Staples"",""IE00B010DT83"",""Irish Stock Exchange - All Market"",""Ireland"",""EUR"""
"ALM,""ALMIRALL S.A."",""Equity"",""0.21"",""16.19"",""106,738.00"",""1,728,088.22"",""1,728,088.22"",""Health Care"",""ES0157097017"",""Bolsa De Madrid"",""Spain"",""EUR"""
"UQA,""UNIQA INSURANCE GROUP AG"",""Equity"",""0.21"",""8.14"",""211,171.00"",""1,718,931.94"",""1,718,931.94"",""Financials"",""AT0000821103"",""Wiener Boerse Ag"",""Austria"",""EUR"""
"FAE,""FAES FARMA S.A."",""Equity"",""0.21"",""3.84"",""448,024.00"",""1,718,172.04"",""1,718,172.04"",""Health Care"",""ES0134950F36"",""Bolsa De Madrid"",""Spain"",""EUR"""
"BEFB,""BEFIMMO SA"",""Equity"",""0.21"",""48.85"",""35,015.00"",""1,710,482.75"",""1,710,482.75"",""Real Estate"",""BE0003678894"",""Nyse Euronext - Euronext Brussels"",""Belgium"",""EUR"""
"FNAC,""FNAC DARTY SA"",""Equity"",""0.21"",""58.05"",""29,112.00"",""1,689,951.60"",""1,689,951.60"",""Consumer Discretionary"",""FR0011476928"",""Nyse Euronext - Euronext Paris"",""France"",""EUR"""
"BC,""BRUNELLO CUCINELLI"",""Equity"",""0.21"",""29.55"",""57,098.00"",""1,687,245.90"",""1,687,245.90"",""Consumer Discretionary"",""IT0004764699"",""Borsa Italiana"",""Italy"",""EUR"""
"SRS,""SARAS S.P.A."",""Equity"",""0.21"",""1.75"",""962,655.00"",""1,683,683.60"",""1,683,683.60"",""Energy"",""IT0000433307"",""Borsa Italiana"",""Italy"",""EUR"""
"SIX3,""SIXT PREF"",""Equity"",""0.21"",""59.50"",""28,290.00"",""1,683,255.00"",""1,683,255.00"",""Industrials"",""DE0007231334"",""Xetra"",""Germany"",""EUR"""
"GN1,""GREEN REIT PLC"",""Equity"",""0.21"",""1.49"",""1,123,127.00"",""1,677,951.74"",""1,677,951.74"",""Real Estate"",""IE00BBR67J55"",""Irish Stock Exchange - All Market"",""Ireland"",""EUR"""
"GEST,""GESTAMP AUTOMOCION SA"",""Equity"",""0.21"",""5.68"",""294,007.00"",""1,671,429.79"",""1,671,429.79"",""Consumer Discretionary"",""ES0105223004"",""Bolsa De Madrid"",""Spain"",""EUR"""
"NEO,""NEOPOST SA"",""Equity"",""0.20"",""28.16"",""59,269.00"",""1,669,015.04"",""1,669,015.04"",""Information Technology"",""FR0000120560"",""Nyse Euronext - Euronext Paris"",""France"",""EUR"""
"HBRN,""HIBERNIA REIT PLC"",""Equity"",""0.20"",""1.41"",""1,182,739.00"",""1,667,661.99"",""1,667,661.99"",""Real Estate"",""IE00BGHQ1986"",""Irish Stock Exchange - All Market"",""Ireland"",""EUR"""
"SIS,""SOCIETA INIZIATIVE AUTOSTRADALI E"",""Equity"",""0.20"",""12.27"",""135,890.00"",""1,667,370.30"",""1,667,370.30"",""Industrials"",""IT0003201198"",""Borsa Italiana"",""Italy"",""EUR"""
"MDM,""MAISONS DU MONDE SA"",""Equity"",""0.20"",""21.80"",""76,244.00"",""1,662,119.20"",""1,662,119.20"",""Consumer Discretionary"",""FR0013153541"",""Nyse Euronext - Euronext Paris"",""France"",""EUR"""
"SFER,""SALVATORE FERRAGAMO"",""Equity"",""0.20"",""19.20"",""86,537.00"",""1,661,943.08"",""1,661,943.08"",""Consumer Discretionary"",""IT0004712375"",""Borsa Italiana"",""Italy"",""EUR"""
"TL5,""MEDIASET ESPANA COMUNICACION SA"",""Equity"",""0.20"",""5.99"",""275,401.00"",""1,649,651.99"",""1,649,651.99"",""Communication"",""ES0152503035"",""Bolsa De Madrid"",""Spain"",""EUR"""
"SZU,""SUEDZUCKER AG"",""Equity"",""0.20"",""13.37"",""122,744.00"",""1,640,473.56"",""1,640,473.56"",""Consumer Staples"",""DE0007297004"",""Xetra"",""Germany"",""EUR"""
"ARCAD,""ARCADIS N.V."",""Equity"",""0.20"",""13.55"",""120,153.00"",""1,628,073.15"",""1,628,073.15"",""Industrials"",""NL0006237562"",""Euronext Amsterdam"",""Netherlands"",""EUR"""
"SBO,""SCHOELLER-BLECKMANN OILFIELD EQUIP"",""Equity"",""0.20"",""85.15"",""19,117.00"",""1,627,812.55"",""1,627,812.55"",""Energy"",""AT0000946652"",""Wiener Boerse Ag"",""Austria"",""EUR"""
"VCT,""VICAT SA"",""Equity"",""0.20"",""47.64"",""33,939.00"",""1,616,853.96"",""1,616,853.96"",""Materials"",""FR0000031775"",""Nyse Euronext - Euronext Paris"",""France"",""EUR"""
"AR4,""AURELIUS"",""Equity"",""0.20"",""41.32"",""39,128.00"",""1,616,768.96"",""1,616,768.96"",""Financials"",""DE000A0JK2A8"",""Xetra"",""Germany"",""EUR"""
"INTER,""INTERTRUST NV"",""Equity"",""0.20"",""14.69"",""110,050.00"",""1,616,634.50"",""1,616,634.50"",""Industrials"",""NL0010937058"",""Euronext Amsterdam"",""Netherlands"",""EUR"""
"MS,""MEDIASET"",""Equity"",""0.20"",""2.70"",""595,079.00"",""1,606,118.22"",""1,606,118.22"",""Communication"",""IT0001063210"",""Borsa Italiana"",""Italy"",""EUR"""
"RENE,""REN REDES ENERGETICAS NACIONAIS SA"",""Equity"",""0.20"",""2.39"",""672,255.00"",""1,605,344.94"",""1,605,344.94"",""Utilities"",""PTREL0AM0008"",""Nyse Euronext - Euronext Lisbon"",""Portugal"",""EUR"""
"IPS,""IPSOS SA"",""Equity"",""0.19"",""26.52"",""59,702.00"",""1,583,297.04"",""1,583,297.04"",""Communication"",""FR0000073298"",""Nyse Euronext - Euronext Paris"",""France"",""EUR"""
"FCC,""FOMENTO DE CONSTRUCCIONES Y CONTRA"",""Equity"",""0.19"",""12.40"",""127,077.00"",""1,575,754.80"",""1,575,754.80"",""Industrials"",""ES0122060314"",""Bolsa De Madrid"",""Spain"",""EUR"""
"VIG,""VIENNA INSURANCE GROUP AG"",""Equity"",""0.19"",""23.96"",""65,707.00"",""1,574,339.72"",""1,574,339.72"",""Financials"",""AT0000908504"",""Wiener Boerse Ag"",""Austria"",""EUR"""
"ERG,""ERG"",""Equity"",""0.19"",""17.70"",""88,331.00"",""1,563,458.70"",""1,563,458.70"",""Utilities"",""IT0001157020"",""Borsa Italiana"",""Italy"",""EUR"""
"DIE,""DIETEREN (D) SA"",""Equity"",""0.19"",""36.50"",""42,719.00"",""1,559,243.50"",""1,559,243.50"",""Consumer Discretionary"",""BE0974259880"",""Nyse Euronext - Euronext Brussels"",""Belgium"",""EUR"""
"FUR,""FUGRO NV"",""Equity"",""0.19"",""10.87"",""142,018.00"",""1,543,025.57"",""1,543,025.57"",""Energy"",""NL0000352565"",""Euronext Amsterdam"",""Netherlands"",""EUR"""
"BAR,""BARCO NV"",""Equity"",""0.19"",""100.40"",""15,306.00"",""1,536,722.40"",""1,536,722.40"",""Information Technology"",""BE0003790079"",""Nyse Euronext - Euronext Brussels"",""Belgium"",""EUR"""
"GIMB,""GIMV INVESTERINGSMAATSCHAPPIJ VOOR"",""Equity"",""0.19"",""46.95"",""32,728.00"",""1,536,579.60"",""1,536,579.60"",""Financials"",""BE0003699130"",""Nyse Euronext - Euronext Brussels"",""Belgium"",""EUR"""
"NVG,""THE NAVIGATOR COMPANY SA"",""Equity"",""0.19"",""4.22"",""361,496.00"",""1,524,790.13"",""1,524,790.13"",""Materials"",""PTPTI0AM0006"",""Nyse Euronext - Euronext Lisbon"",""Portugal"",""EUR"""
"INH,""INDUS HOLDING AG"",""Equity"",""0.19"",""48.60"",""31,345.00"",""1,523,367.00"",""1,523,367.00"",""Industrials"",""DE0006200108"",""Xetra"",""Germany"",""EUR"""
"TGYM,""TECHNOGYM"",""Equity"",""0.19"",""10.02"",""151,892.00"",""1,521,957.84"",""1,521,957.84"",""Consumer Discretionary"",""IT0005162406"",""Borsa Italiana"",""Italy"",""EUR"""
"EUCAR,""EUROPCAR MOBILITY SA"",""Equity"",""0.18"",""8.44"",""175,761.00"",""1,483,422.84"",""1,483,422.84"",""Industrials"",""FR0012789949"",""Nyse Euronext - Euronext Paris"",""France"",""EUR"""
"YIT,""YIT"",""Equity"",""0.18"",""5.42"",""271,262.00"",""1,470,240.04"",""1,470,240.04"",""Industrials"",""FI0009800643"",""Nasdaq Omx Helsinki Ltd."",""Finland"",""EUR"""
"GIL,""DMG MORI AG"",""Equity"",""0.18"",""45.00"",""32,619.00"",""1,467,855.00"",""1,467,855.00"",""Industrials"",""DE0005878003"",""Xetra"",""Germany"",""EUR"""
"FLOW,""FLOW TRADERS NV"",""Equity"",""0.18"",""26.80"",""54,715.00"",""1,466,362.00"",""1,466,362.00"",""Financials"",""NL0011279492"",""Euronext Amsterdam"",""Netherlands"",""EUR"""
"ZO1,""ZOOPLUS AG"",""Equity"",""0.18"",""143.90"",""10,181.00"",""1,465,045.90"",""1,465,045.90"",""Consumer Discretionary"",""DE0005111702"",""Xetra"",""Germany"",""EUR"""
"TOM2,""TOMTOM NV"",""Equity"",""0.18"",""6.61"",""218,388.00"",""1,444,418.23"",""1,444,418.23"",""Consumer Discretionary"",""NL0000387058"",""Euronext Amsterdam"",""Netherlands"",""EUR"""
"TRI,""TRIGANO SA"",""Equity"",""0.17"",""97.55"",""14,614.00"",""1,425,595.70"",""1,425,595.70"",""Consumer Discretionary"",""FR0005691656"",""Nyse Euronext - Euronext Paris"",""France"",""EUR"""
"IR5B,""IRISH CONTINENTAL GROUP UNITS PLC"",""Equity"",""0.17"",""5.13"",""276,399.00"",""1,417,926.87"",""1,417,926.87"",""Industrials"",""IE00BLP58571"",""Irish Stock Exchange - All Market"",""Ireland"",""EUR"""
"WSU,""WASHTEC AG"",""Equity"",""0.17"",""73.00"",""19,257.00"",""1,405,761.00"",""1,405,761.00"",""Industrials"",""DE0007507501"",""Xetra"",""Germany"",""EUR"""
"PFV,""PFEIFFER VACUUM TECHNOLOGY AG"",""Equity"",""0.17"",""121.10"",""11,603.00"",""1,405,123.30"",""1,405,123.30"",""Industrials"",""DE0006916604"",""Xetra"",""Germany"",""EUR"""
"CEC,""CECONOMY AG"",""Equity"",""0.17"",""4.66"",""300,875.00"",""1,401,174.88"",""1,401,174.88"",""Consumer Discretionary"",""DE0007257503"",""Xetra"",""Germany"",""EUR"""
"DEZ,""DEUTZ AG"",""Equity"",""0.17"",""6.91"",""199,861.00"",""1,380,040.21"",""1,380,040.21"",""Industrials"",""DE0006305006"",""Xetra"",""Germany"",""EUR"""
"BFIT,""BASIC-FIT NV"",""Equity"",""0.17"",""27.20"",""50,343.00"",""1,369,329.60"",""1,369,329.60"",""Consumer Discretionary"",""NL0011872650"",""Euronext Amsterdam"",""Netherlands"",""EUR"""
"O1BC,""XING N"",""Equity"",""0.17"",""280.50"",""4,824.00"",""1,353,132.00"",""1,353,132.00"",""Communication"",""DE000XNG8888"",""Xetra"",""Germany"",""EUR"""
"MARR,""MARR S.P.A."",""Equity"",""0.17"",""23.48"",""57,534.00"",""1,350,898.32"",""1,350,898.32"",""Consumer Staples"",""IT0003428445"",""Borsa Italiana"",""Italy"",""EUR"""
"LBK,""LIBERBANK SA"",""Equity"",""0.16"",""0.43"",""3,124,188.00"",""1,340,276.65"",""1,340,276.65"",""Financials"",""ES0168675090"",""Bolsa De Madrid"",""Spain"",""EUR"""
"TRE,""TECNICAS REUNIDAS S.A."",""Equity"",""0.16"",""23.72"",""55,512.00"",""1,316,744.64"",""1,316,744.64"",""Energy"",""ES0178165017"",""Bolsa De Madrid"",""Spain"",""EUR"""
"TESB,""TESSENDERLO GROUP NV"",""Equity"",""0.16"",""30.10"",""43,668.00"",""1,314,406.80"",""1,314,406.80"",""Materials"",""BE0003555639"",""Nyse Euronext - Euronext Brussels"",""Belgium"",""EUR"""
"ALCLS,""CELLECTIS SA"",""Equity"",""0.16"",""24.20"",""54,236.00"",""1,312,511.20"",""1,312,511.20"",""Health Care"",""FR0010425595"",""Nyse Euronext - Euronext Paris"",""France"",""EUR"""
"LRE,""LAR ESPANA REAL ESTATE SA"",""Equity"",""0.16"",""8.47"",""153,734.00"",""1,302,126.98"",""1,302,126.98"",""Real Estate"",""ES0105015012"",""Bolsa De Madrid"",""Spain"",""EUR"""
"HFG,""HELLOFRESH"",""Equity"",""0.16"",""10.56"",""122,679.00"",""1,295,490.24"",""1,295,490.24"",""Consumer Discretionary"",""DE000A161408"",""Xetra"",""Germany"",""EUR"""
"ERA,""ERAMET SA"",""Equity"",""0.16"",""79.70"",""16,093.00"",""1,282,612.10"",""1,282,612.10"",""Materials"",""FR0000131757"",""Nyse Euronext - Euronext Paris"",""France"",""EUR"""
"SPI,""S IMMO AG"",""Equity"",""0.16"",""16.20"",""79,019.00"",""1,280,107.80"",""1,280,107.80"",""Real Estate"",""AT0000652250"",""Wiener Boerse Ag"",""Austria"",""EUR"""
"OTE1V,""OUTOTEC"",""Equity"",""0.16"",""5.20"",""246,015.00"",""1,279,278.00"",""1,279,278.00"",""Industrials"",""FI0009014575"",""Nasdaq Omx Helsinki Ltd."",""Finland"",""EUR"""
"PAT,""PATRIZIA IMMOBILIEN AG"",""Equity"",""0.16"",""16.04"",""79,742.00"",""1,279,061.68"",""1,279,061.68"",""Real Estate"",""DE000PAT1AG3"",""Xetra"",""Germany"",""EUR"""
"KIN,""KINEPOLIS NV"",""Equity"",""0.15"",""48.60"",""25,964.00"",""1,261,850.40"",""1,261,850.40"",""Communication"",""BE0974274061"",""Nyse Euronext - Euronext Brussels"",""Belgium"",""EUR"""
"BAMNB,""BAM GROEP KONINKLIJKE NV"",""Equity"",""0.15"",""3.12"",""403,064.00"",""1,258,365.81"",""1,258,365.81"",""Industrials"",""NL0000337319"",""Euronext Amsterdam"",""Netherlands"",""EUR"""
"CFEB,""AANNEMINGSMAATSCHAPPIJ CFE NV"",""Equity"",""0.15"",""95.30"",""13,163.00"",""1,254,433.90"",""1,254,433.90"",""Industrials"",""BE0003883031"",""Nyse Euronext - Euronext Brussels"",""Belgium"",""EUR"""
"ALS30,""SOLUTIONS SE"",""Equity"",""0.15"",""41.00"",""30,584.00"",""1,253,944.00"",""1,253,944.00"",""Information Technology"",""FR0013188844"",""Nyse Euronext - Euronext Paris"",""France"",""EUR"""
"PAC,""PAPELES Y CARTONES DE EUROPA S.A."",""Equity"",""0.15"",""16.72"",""74,996.00"",""1,253,933.12"",""1,253,933.12"",""Materials"",""ES0168561019"",""Bolsa De Madrid"",""Spain"",""EUR"""
"BEKB,""BEKAERT (D) SA"",""Equity"",""0.15"",""19.65"",""62,583.00"",""1,229,755.95"",""1,229,755.95"",""Materials"",""BE0974258874"",""Nyse Euronext - Euronext Brussels"",""Belgium"",""EUR"""
"SCYR,""SACYR SA"",""Equity"",""0.15"",""2.15"",""563,376.00"",""1,213,511.90"",""1,213,511.90"",""Industrials"",""ES0182870214"",""Bolsa De Madrid"",""Spain"",""EUR"""
"DBV,""DBV TECHNOLOGIES SA"",""Equity"",""0.15"",""33.70"",""35,538.00"",""1,197,630.60"",""1,197,630.60"",""Health Care"",""FR0010417345"",""Nyse Euronext - Euronext Paris"",""France"",""EUR"""
"SKB,""KOENIG & BAUER AG"",""Equity"",""0.14"",""49.74"",""23,611.00"",""1,174,411.14"",""1,174,411.14"",""Industrials"",""DE0007193500"",""Xetra"",""Germany"",""EUR"""
"OIZ,""ORIGIN ENTERPRISES PLC"",""Equity"",""0.14"",""5.61"",""208,403.00"",""1,169,140.83"",""1,169,140.83"",""Consumer Staples"",""IE00B1WV4493"",""Irish Stock Exchange - All Market"",""Ireland"",""EUR"""
"KCO,""KLOECKNER & CO"",""Equity"",""0.14"",""9.47"",""123,109.00"",""1,166,457.77"",""1,166,457.77"",""Industrials"",""DE000KC01000"",""Xetra"",""Germany"",""EUR"""
"ISR,""ISRA VISION AG"",""Equity"",""0.14"",""41.20"",""28,225.00"",""1,162,870.00"",""1,162,870.00"",""Information Technology"",""DE0005488100"",""Xetra"",""Germany"",""EUR"""
"CVAL,""BANCA PICCOLO CREDITO VALTELLINESE"",""Equity"",""0.14"",""0.10"",""11,923,761.00"",""1,162,566.70"",""1,162,566.70"",""Financials"",""IT0005319444"",""Borsa Italiana"",""Italy"",""EUR"""
"WES,""KONINKLIJKE WESSANEN NV"",""Equity"",""0.14"",""9.09"",""127,765.00"",""1,161,383.85"",""1,161,383.85"",""Consumer Staples"",""NL0000395317"",""Euronext Amsterdam"",""Netherlands"",""EUR"""
"COFA,""COFACE SA"",""Equity"",""0.14"",""7.44"",""155,477.00"",""1,156,748.88"",""1,156,748.88"",""Financials"",""FR0010667147"",""Nyse Euronext - Euronext Paris"",""France"",""EUR"""
"KWS,""KWS SAAT"",""Equity"",""0.14"",""295.00"",""3,887.00"",""1,146,665.00"",""1,146,665.00"",""Consumer Staples"",""DE0007074007"",""Xetra"",""Germany"",""EUR"""
"SAA1V,""SANOMA"",""Equity"",""0.14"",""9.16"",""125,030.00"",""1,145,274.80"",""1,145,274.80"",""Communication"",""FI0009007694"",""Nasdaq Omx Helsinki Ltd."",""Finland"",""EUR"""
"VT9,""VTG AG"",""Equity"",""0.14"",""52.40"",""21,852.00"",""1,145,044.80"",""1,145,044.80"",""Industrials"",""DE000VTG9999"",""Xetra"",""Germany"",""EUR"""
"HYQ,""HYPOPORT N AG"",""Equity"",""0.14"",""187.00"",""6,120.00"",""1,144,440.00"",""1,144,440.00"",""Financials"",""DE0005493365"",""Xetra"",""Germany"",""EUR"""
"CRA1V,""CRAMO OYJ"",""Equity"",""0.14"",""18.13"",""62,354.00"",""1,130,478.02"",""1,130,478.02"",""Industrials"",""FI0009900476"",""Nasdaq Omx Helsinki Ltd."",""Finland"",""EUR"""
"SON,""SONAE SA"",""Equity"",""0.14"",""0.84"",""1,343,473.00"",""1,123,815.16"",""1,123,815.16"",""Consumer Staples"",""PTSON0AM0001"",""Nyse Euronext - Euronext Lisbon"",""Portugal"",""EUR"""
"INS,""INSTONE REAL ESTATE GROUP AG"",""Equity"",""0.14"",""22.50"",""49,907.00"",""1,122,907.50"",""1,122,907.50"",""Industrials"",""DE000A2NBX80"",""Xetra"",""Germany"",""EUR"""
"FFP,""FFP SA"",""Equity"",""0.14"",""104.00"",""10,714.00"",""1,114,256.00"",""1,114,256.00"",""Financials"",""FR0000064784"",""Nyse Euronext - Euronext Paris"",""France"",""EUR"""
"AGFB,""AGFA-GEVAERT NV"",""Equity"",""0.14"",""3.87"",""287,775.00"",""1,112,538.15"",""1,112,538.15"",""Health Care"",""BE0003755692"",""Nyse Euronext - Euronext Brussels"",""Belgium"",""EUR"""
"NSI,""NSI NV"",""Equity"",""0.14"",""34.60"",""32,027.00"",""1,108,134.20"",""1,108,134.20"",""Real Estate"",""NL0012365084"",""Euronext Amsterdam"",""Netherlands"",""EUR"""
"MERY,""MERCIALYS S.A."",""Equity"",""0.14"",""13.28"",""83,412.00"",""1,107,711.36"",""1,107,711.36"",""Real Estate"",""FR0010241638"",""Nyse Euronext - Euronext Paris"",""France"",""EUR"""
"BNS,""BENI STABILI REIT"",""Equity"",""0.13"",""0.73"",""1,496,545.00"",""1,098,464.03"",""1,098,464.03"",""Real Estate"",""IT0001389631"",""Borsa Italiana"",""Italy"",""EUR"""
"AT,""ASTM"",""Equity"",""0.13"",""16.38"",""66,798.00"",""1,094,151.24"",""1,094,151.24"",""Industrials"",""IT0000084027"",""Borsa Italiana"",""Italy"",""EUR"""
"NEX,""NEXANS SA"",""Equity"",""0.13"",""25.24"",""43,139.00"",""1,088,828.36"",""1,088,828.36"",""Industrials"",""FR0000044448"",""Nyse Euronext - Euronext Paris"",""France"",""EUR"""
"KOF,""KAUFMAN & BROAD S.A."",""Equity"",""0.13"",""36.36"",""29,845.00"",""1,085,164.20"",""1,085,164.20"",""Consumer Discretionary"",""FR0004007813"",""Nyse Euronext - Euronext Paris"",""France"",""EUR"""
"FCT,""FINCIANTIERI"",""Equity"",""0.13"",""1.33"",""814,069.00"",""1,082,711.77"",""1,082,711.77"",""Industrials"",""IT0001415246"",""Borsa Italiana"",""Italy"",""EUR"""
"ALB,""CORPORACION FINANCIERA ALBA SA"",""Equity"",""0.13"",""44.45"",""24,104.00"",""1,071,422.80"",""1,071,422.80"",""Financials"",""ES0117160111"",""Bolsa De Madrid"",""Spain"",""EUR"""
"TKTT,""TARKETT SA SA"",""Equity"",""0.13"",""20.32"",""52,678.00"",""1,070,416.96"",""1,070,416.96"",""Industrials"",""FR0004188670"",""Nyse Euronext - Euronext Paris"",""France"",""EUR"""
"ACE,""ACEA"",""Equity"",""0.13"",""11.97"",""88,272.00"",""1,056,615.84"",""1,056,615.84"",""Utilities"",""IT0001207098"",""Borsa Italiana"",""Italy"",""EUR"""
"VIRP,""VIRBAC SA"",""Equity"",""0.13"",""146.60"",""7,203.00"",""1,055,959.80"",""1,055,959.80"",""Health Care"",""FR0000031577"",""Nyse Euronext - Euronext Paris"",""France"",""EUR"""
"FAGR,""FAGRON NV"",""Equity"",""0.13"",""15.78"",""66,659.00"",""1,051,879.02"",""1,051,879.02"",""Health Care"",""BE0003874915"",""Nyse Euronext - Euronext Brussels"",""Belgium"",""EUR"""
"AKA,""AKKA TECHNOLOGIES"",""Equity"",""0.13"",""56.00"",""18,764.00"",""1,050,784.00"",""1,050,784.00"",""Industrials"",""FR0004180537"",""Nyse Euronext - Euronext Paris"",""France"",""EUR"""
"RIB,""RIB SOFTWARE"",""Equity"",""0.13"",""15.95"",""65,197.00"",""1,039,892.15"",""1,039,892.15"",""Information Technology"",""DE000A0Z2XN6"",""Xetra"",""Germany"",""EUR"""
"WAC,""WACKER NEUSON N"",""Equity"",""0.13"",""20.92"",""48,965.00"",""1,024,347.80"",""1,024,347.80"",""Industrials"",""DE000WACK012"",""Xetra"",""Germany"",""EUR"""
"CTY1S,""CITYCON"",""Equity"",""0.13"",""1.70"",""600,484.00"",""1,023,224.74"",""1,023,224.74"",""Real Estate"",""FI0009002471"",""Nasdaq Omx Helsinki Ltd."",""Finland"",""EUR"""
"TIP,""TAMBURI INVESTMENT PARTNERS S.P.A."",""Equity"",""0.13"",""5.85"",""174,708.00"",""1,022,041.80"",""1,022,041.80"",""Financials"",""IT0003153621"",""Borsa Italiana"",""Italy"",""EUR"""
"SFQ,""SAF-HOLLAND SA"",""Equity"",""0.12"",""12.75"",""79,694.00"",""1,016,098.50"",""1,016,098.50"",""Consumer Discretionary"",""LU0307018795"",""Xetra"",""Germany"",""EUR"""
"CAF,""CONSTRUCCIONES Y AUXILIAR DE FERRO"",""Equity"",""0.12"",""32.80"",""30,927.00"",""1,014,405.60"",""1,014,405.60"",""Industrials"",""ES0121975009"",""Bolsa De Madrid"",""Spain"",""EUR"""
"EKT,""EUSKALTEL SA"",""Equity"",""0.12"",""6.70"",""150,002.00"",""1,005,013.40"",""1,005,013.40"",""Communication"",""ES0105075008"",""Bolsa De Madrid"",""Spain"",""EUR"""
"HBH,""HORNBACH HOLDING AG"",""Equity"",""0.12"",""57.40"",""17,461.00"",""1,002,261.40"",""1,002,261.40"",""Consumer Discretionary"",""DE0006083405"",""Xetra"",""Germany"",""EUR"""
"AEDAS,""AEDAS HOMES SA"",""Equity"",""0.12"",""24.42"",""40,262.00"",""983,198.04"",""983,198.04"",""Real Estate"",""ES0105287009"",""Bolsa De Madrid"",""Spain"",""EUR"""
"FDR,""FLUIDRA SA"",""Equity"",""0.12"",""11.54"",""85,110.00"",""982,169.40"",""982,169.40"",""Industrials"",""ES0137650018"",""Bolsa De Madrid"",""Spain"",""EUR"""
"HAB,""HAMBORNER REIT AG"",""Equity"",""0.12"",""9.09"",""107,096.00"",""973,502.64"",""973,502.64"",""Real Estate"",""DE0006013006"",""Xetra"",""Germany"",""EUR"""
"GNFT,""GENFIT SA"",""Equity"",""0.12"",""21.08"",""46,032.00"",""970,354.56"",""970,354.56"",""Health Care"",""FR0004163111"",""Nyse Euronext - Euronext Paris"",""France"",""EUR"""
"PHARM,""PHARMING GROUP NV"",""Equity"",""0.12"",""1.00"",""972,368.00"",""967,992.34"",""967,992.34"",""Health Care"",""NL0010391025"",""Euronext Amsterdam"",""Netherlands"",""EUR"""
"EVN,""EVN AG"",""Equity"",""0.12"",""16.12"",""59,598.00"",""960,719.76"",""960,719.76"",""Utilities"",""AT0000741053"",""Wiener Boerse Ag"",""Austria"",""EUR"""
"DANR,""DANIELI & C OFFICINE MECCANICHE SA"",""Equity"",""0.12"",""14.30"",""65,925.00"",""942,727.50"",""942,727.50"",""Industrials"",""IT0000076486"",""Borsa Italiana"",""Italy"",""EUR"""
"CAV1V,""CAVERION"",""Equity"",""0.12"",""5.93"",""158,148.00"",""937,817.64"",""937,817.64"",""Industrials"",""FI4000062781"",""Nasdaq Omx Helsinki Ltd."",""Finland"",""EUR"""
"MT,""MAIRE TECNIMONT"",""Equity"",""0.11"",""3.74"",""249,502.00"",""933,636.48"",""933,636.48"",""Industrials"",""IT0004931058"",""Borsa Italiana"",""Italy"",""EUR"""
"UPONOR,""UPONOR OYJ"",""Equity"",""0.11"",""10.30"",""90,394.00"",""931,058.20"",""931,058.20"",""Industrials"",""FI0009002158"",""Nasdaq Omx Helsinki Ltd."",""Finland"",""EUR"""
"CAP,""ENCAVIS AG"",""Equity"",""0.11"",""6.15"",""150,791.00"",""927,364.65"",""927,364.65"",""Utilities"",""DE0006095003"",""Xetra"",""Germany"",""EUR"""
"MVC,""METROVACESA SA"",""Equity"",""0.11"",""12.05"",""76,392.00"",""920,523.60"",""920,523.60"",""Real Estate"",""ES0105122024"",""Bolsa De Madrid"",""Spain"",""EUR"""
"HDD,""HEIDELBERGER DRUCKMASCHINEN AG"",""Equity"",""0.11"",""2.11"",""434,532.00"",""918,600.65"",""918,600.65"",""Industrials"",""DE0007314007"",""Xetra"",""Germany"",""EUR"""
"ITP,""INTERPARFUMS SA"",""Equity"",""0.11"",""40.00"",""22,634.00"",""905,360.00"",""905,360.00"",""Consumer Staples"",""FR0004024222"",""Nyse Euronext - Euronext Paris"",""France"",""EUR"""
"DAL,""DATALOGIC S.P.A."",""Equity"",""0.11"",""26.15"",""34,308.00"",""897,154.20"",""897,154.20"",""Information Technology"",""IT0004053440"",""Borsa Italiana"",""Italy"",""EUR"""
"TOD,""TODS"",""Equity"",""0.11"",""53.10"",""16,863.00"",""895,425.30"",""895,425.30"",""Consumer Discretionary"",""IT0003007728"",""Borsa Italiana"",""Italy"",""EUR"""
"LOCAL,""SOLOCAL GROUP SA"",""Equity"",""0.11"",""0.89"",""999,905.00"",""889,915.45"",""889,915.45"",""Communication"",""FR0012938884"",""Nyse Euronext - Euronext Paris"",""France"",""EUR"""
"BVB,""BORUSSIA DORTMUND"",""Equity"",""0.11"",""8.74"",""100,860.00"",""881,516.40"",""881,516.40"",""Communication"",""DE0005493092"",""Xetra"",""Germany"",""EUR"""
"IRES,""IRISH RESIDENTIAL PROPERTIES PLC"",""Equity"",""0.11"",""1.43"",""616,371.00"",""880,177.79"",""880,177.79"",""Real Estate"",""IE00BJ34P519"",""Irish Stock Exchange - All Market"",""Ireland"",""EUR"""
"NDX1,""NORDEX"",""Equity"",""0.11"",""8.27"",""106,080.00"",""877,069.44"",""877,069.44"",""Industrials"",""DE000A0D6554"",""Xetra"",""Germany"",""EUR"""
"DVT,""DEVOTEAM SA"",""Equity"",""0.11"",""103.60"",""8,397.00"",""869,929.20"",""869,929.20"",""Information Technology"",""FR0000073793"",""Nyse Euronext - Euronext Paris"",""France"",""EUR"""
"FII,""LISI SA"",""Equity"",""0.11"",""27.65"",""31,430.00"",""869,039.50"",""869,039.50"",""Industrials"",""FR0000050353"",""Nyse Euronext - Euronext Paris"",""France"",""EUR"""
"GVR,""GLENVEAGH PROPERTIES PLC"",""Equity"",""0.11"",""0.87"",""996,139.00"",""866,640.93"",""866,640.93"",""Consumer Discretionary"",""IE00BD6JX574"",""Irish Stock Exchange - All Market"",""Ireland"",""EUR"""
"KVW,""KONINKLIJKE VOLKER WESSELS NV"",""Equity"",""0.11"",""16.34"",""52,504.00"",""857,915.36"",""857,915.36"",""Industrials"",""NL0012294466"",""Euronext Amsterdam"",""Netherlands"",""EUR"""
"ATS,""AT & S AUSTRIA TECHNOLOGIE & SYSTE"",""Equity"",""0.10"",""19.78"",""42,649.00"",""843,597.22"",""843,597.22"",""Information Technology"",""AT0000969985"",""Wiener Boerse Ag"",""Austria"",""EUR"""
"TIK1V,""TIKKURILA OYJ"",""Equity"",""0.10"",""13.34"",""62,956.00"",""839,833.04"",""839,833.04"",""Materials"",""FI4000008719"",""Nasdaq Omx Helsinki Ltd."",""Finland"",""EUR"""
"AAD,""AMADEUS FIRE AG"",""Equity"",""0.10"",""95.00"",""8,834.00"",""839,230.00"",""839,230.00"",""Industrials"",""DE0005093108"",""Xetra"",""Germany"",""EUR"""
"DOC,""DO & CO AKTIENGESELLSCHAFT AG"",""Equity"",""0.10"",""74.40"",""11,175.00"",""831,420.00"",""831,420.00"",""Consumer Discretionary"",""AT0000818802"",""Wiener Boerse Ag"",""Austria"",""EUR"""
"RET,""RETAIL ESTATES NV"",""Equity"",""0.10"",""71.50"",""11,496.00"",""821,964.00"",""821,964.00"",""Real Estate"",""BE0003720340"",""Nyse Euronext - Euronext Brussels"",""Belgium"",""EUR"""
"ADL,""ADLER REAL ESTATE AG"",""Equity"",""0.10"",""14.14"",""57,995.00"",""820,049.30"",""820,049.30"",""Real Estate"",""DE0005008007"",""Xetra"",""Germany"",""EUR"""
"TPZ,""TELEPIZZA GROUP SA"",""Equity"",""0.10"",""4.80"",""170,512.00"",""818,457.60"",""818,457.60"",""Consumer Discretionary"",""ES0105128005"",""Bolsa De Madrid"",""Spain"",""EUR"""
"RMR1V,""RAMIRENT OYJ"",""Equity"",""0.10"",""6.35"",""128,632.00"",""816,813.20"",""816,813.20"",""Industrials"",""FI0009007066"",""Nasdaq Omx Helsinki Ltd."",""Finland"",""EUR"""
"BEN,""BENETEAU SA"",""Equity"",""0.10"",""13.22"",""61,152.00"",""808,429.44"",""808,429.44"",""Consumer Discretionary"",""FR0000035164"",""Nyse Euronext - Euronext Paris"",""France"",""EUR"""
"BMPS,""BANCA MONTE DEI PASCHI DI SIENA SP"",""Equity"",""0.10"",""1.72"",""467,791.00"",""803,431.04"",""803,431.04"",""Financials"",""IT0005218752"",""Borsa Italiana"",""Italy"",""EUR"""
"SGL,""SGL CARBON"",""Equity"",""0.10"",""8.64"",""92,856.00"",""802,740.12"",""802,740.12"",""Industrials"",""DE0007235301"",""Xetra"",""Germany"",""EUR"""
"DOM,""GLOBAL DOMINION ACCESS SA"",""Equity"",""0.10"",""4.70"",""170,717.00"",""802,369.90"",""802,369.90"",""Information Technology"",""ES0105130001"",""Bolsa De Madrid"",""Spain"",""EUR"""
"MMT,""METROPOLE TELEVISION SA"",""Equity"",""0.10"",""18.19"",""44,030.00"",""800,905.70"",""800,905.70"",""Communication"",""FR0000053225"",""Nyse Euronext - Euronext Paris"",""France"",""EUR"""
"CCAP,""CORESTATE CAPITAL HOLDING SA"",""Equity"",""0.10"",""37.25"",""21,457.00"",""799,273.25"",""799,273.25"",""Real Estate"",""LU1296758029"",""Xetra"",""Germany"",""EUR"""
"DIC,""DIC ASSET AG"",""Equity"",""0.10"",""9.50"",""83,301.00"",""791,359.50"",""791,359.50"",""Real Estate"",""DE000A1X3XX4"",""Xetra"",""Germany"",""EUR"""
"DBAN,""DEUTSCHE BETEILIGUNGS AG"",""Equity"",""0.10"",""35.45"",""22,224.00"",""787,840.80"",""787,840.80"",""Financials"",""DE000A1TNUT7"",""Xetra"",""Germany"",""EUR"""
"WIN,""DIEBOLD NIXDORF AG"",""Equity"",""0.10"",""56.80"",""13,720.00"",""779,296.00"",""779,296.00"",""Information Technology"",""DE000A0CAYB2"",""Xetra"",""Germany"",""EUR"""
"HHFA,""HAMBURGER HAFEN UND LOGISTIK AG"",""Equity"",""0.09"",""19.23"",""40,220.00"",""773,430.60"",""773,430.60"",""Industrials"",""DE000A0S8488"",""Xetra"",""Germany"",""EUR"""
"ABIO,""ALBIOMA SA"",""Equity"",""0.09"",""18.06"",""42,700.00"",""771,162.00"",""771,162.00"",""Utilities"",""FR0000060402"",""Nyse Euronext - Euronext Paris"",""France"",""EUR"""
"A3M,""ATRESMEDIA CORPORACION DE MEDIOS D"",""Equity"",""0.09"",""5.18"",""148,194.00"",""767,644.92"",""767,644.92"",""Communication"",""ES0109427734"",""Bolsa De Madrid"",""Spain"",""EUR"""
"ALTR,""ALTRI SGPS SA"",""Equity"",""0.09"",""7.34"",""104,090.00"",""764,020.60"",""764,020.60"",""Materials"",""PTALT0AE0002"",""Nyse Euronext - Euronext Lisbon"",""Portugal"",""EUR"""
"BIO3,""BIOTEST PREF AG"",""Equity"",""0.09"",""23.50"",""32,448.00"",""762,528.00"",""762,528.00"",""Health Care"",""DE0005227235"",""Xetra"",""Germany"",""EUR"""
"JST,""JOST WERKE AG"",""Equity"",""0.09"",""30.95"",""24,491.00"",""757,996.45"",""757,996.45"",""Industrials"",""DE000JST4000"",""Xetra"",""Germany"",""EUR"""
"DIA,""DISTRIBUIDORA INTERNACIONAL DE ALI"",""Equity"",""0.09"",""0.85"",""885,915.00"",""753,027.75"",""753,027.75"",""Consumer Staples"",""ES0126775032"",""Bolsa De Madrid"",""Spain"",""EUR"""
"CE,""CREDITO EMILIANO"",""Equity"",""0.09"",""5.45"",""136,896.00"",""746,083.20"",""746,083.20"",""Financials"",""IT0003121677"",""Borsa Italiana"",""Italy"",""EUR"""
"CTT,""CTT CORREIOS DE PORTUGAL SA"",""Equity"",""0.09"",""3.31"",""224,654.00"",""744,054.05"",""744,054.05"",""Industrials"",""PTCTT0AM0001"",""Nyse Euronext - Euronext Lisbon"",""Portugal"",""EUR"""
"JUVE,""JUVENTUS FOOTBAL CLUB"",""Equity"",""0.09"",""1.05"",""706,507.00"",""743,245.36"",""743,245.36"",""Communication"",""IT0000336518"",""Borsa Italiana"",""Italy"",""EUR"""
"RHK,""RHOEN KLINIKUM AG"",""Equity"",""0.09"",""21.90"",""33,735.00"",""738,796.50"",""738,796.50"",""Health Care"",""DE0007042301"",""Xetra"",""Germany"",""EUR"""
"VASTN,""VASTNED RETAIL REIT NV"",""Equity"",""0.09"",""32.65"",""22,401.00"",""731,392.65"",""731,392.65"",""Real Estate"",""NL0000288918"",""Euronext Amsterdam"",""Netherlands"",""EUR"""
"WUW,""WUESTENROT & WUERTTEMBERGISCHE AG"",""Equity"",""0.09"",""18.72"",""38,481.00"",""720,364.32"",""720,364.32"",""Financials"",""DE0008051004"",""Xetra"",""Germany"",""EUR"""
"BON,""BONDUELLE"",""Equity"",""0.09"",""30.45"",""23,609.00"",""718,894.05"",""718,894.05"",""Consumer Staples"",""FR0000063935"",""Nyse Euronext - Euronext Paris"",""France"",""EUR"""
"MRN,""MERSEN S.A."",""Equity"",""0.09"",""28.25"",""25,168.00"",""710,996.00"",""710,996.00"",""Industrials"",""FR0000039620"",""Nyse Euronext - Euronext Paris"",""France"",""EUR"""
"RWAY,""RAI WAY SPA"",""Equity"",""0.09"",""4.46"",""156,328.00"",""698,004.52"",""698,004.52"",""Communication"",""IT0005054967"",""Borsa Italiana"",""Italy"",""EUR"""
"OBEL,""ORANGE BELGIUM SA"",""Equity"",""0.08"",""14.06"",""49,219.00"",""692,019.14"",""692,019.14"",""Communication"",""BE0003735496"",""Nyse Euronext - Euronext Brussels"",""Belgium"",""EUR"""
"COR,""CORTICEIRA AMORIM SA"",""Equity"",""0.08"",""10.02"",""69,061.00"",""691,991.22"",""691,991.22"",""Materials"",""PTCOR0AE0006"",""Nyse Euronext - Euronext Lisbon"",""Portugal"",""EUR"""
"BZUR,""BUZZI UNICEM S.P.A."",""Equity"",""0.08"",""9.98"",""69,299.00"",""691,604.02"",""691,604.02"",""Materials"",""IT0001369427"",""Borsa Italiana"",""Italy"",""EUR"""
"DBG,""DERICHEBOURG SA"",""Equity"",""0.08"",""4.26"",""161,485.00"",""688,249.07"",""688,249.07"",""Industrials"",""FR0000053381"",""Nyse Euronext - Euronext Paris"",""France"",""EUR"""
"ECR,""ERCROS S.A."",""Equity"",""0.08"",""4.09"",""167,732.00"",""686,359.34"",""686,359.34"",""Materials"",""ES0125140A14"",""Bolsa De Madrid"",""Spain"",""EUR"""
"ACCEL,""ACCELL GROUP N.V."",""Equity"",""0.08"",""16.64"",""40,927.00"",""681,025.28"",""681,025.28"",""Consumer Discretionary"",""NL0009767532"",""Euronext Amsterdam"",""Netherlands"",""EUR"""
"SAE,""SHOP APOTHEKE EUROPE NV"",""Equity"",""0.08"",""48.00"",""14,109.00"",""677,232.00"",""677,232.00"",""Consumer Discretionary"",""NL0012044747"",""Xetra"",""Germany"",""EUR"""
"BFF,""BANCA FARMAFACTORING"",""Equity"",""0.08"",""4.71"",""142,818.00"",""673,244.05"",""673,244.05"",""Financials"",""IT0005244402"",""Borsa Italiana"",""Italy"",""EUR"""
"TTK,""TAKKT AG"",""Equity"",""0.08"",""12.30"",""54,717.00"",""673,019.10"",""673,019.10"",""Consumer Discretionary"",""DE0007446007"",""Xetra"",""Germany"",""EUR"""
"XFAB,""X-FAB SILICON FOUNDRIES"",""Equity"",""0.08"",""6.96"",""96,584.00"",""672,224.64"",""672,224.64"",""Information Technology"",""BE0974310428"",""Nyse Euronext - Euronext Paris"",""France"",""EUR"""
"SEM,""SEMAPA SGPS SA"",""Equity"",""0.08"",""16.70"",""40,027.00"",""668,450.90"",""668,450.90"",""Materials"",""PTSEM0AM0004"",""Nyse Euronext - Euronext Lisbon"",""Portugal"",""EUR"""
"BDT,""BERTRANDT AG"",""Equity"",""0.08"",""72.50"",""9,147.00"",""663,157.50"",""663,157.50"",""Industrials"",""DE0005232805"",""Xetra"",""Germany"",""EUR"""
"TFI,""TELEVISION FRANCAISE SA"",""Equity"",""0.08"",""8.87"",""74,381.00"",""659,759.47"",""659,759.47"",""Communication"",""FR0000054900"",""Nyse Euronext - Euronext Paris"",""France"",""EUR"""
"ON,""BIO-ON"",""Equity"",""0.08"",""52.20"",""12,601.00"",""657,772.20"",""657,772.20"",""Materials"",""IT0005056236"",""Borsa Italiana"",""Italy"",""EUR"""
"TCH,""TECHNICOLOR SA"",""Equity"",""0.08"",""1.07"",""609,528.00"",""654,633.07"",""654,633.07"",""Communication"",""FR0010918292"",""Nyse Euronext - Euronext Paris"",""France"",""EUR"""
"BOI,""BOIRON SA"",""Equity"",""0.08"",""58.90"",""11,074.00"",""652,258.60"",""652,258.60"",""Health Care"",""FR0000061129"",""Nyse Euronext - Euronext Paris"",""France"",""EUR"""
"MCM,""MIQUEL Y COSTAS & MIQUEL S.A."",""Equity"",""0.08"",""30.45"",""21,015.00"",""639,906.75"",""639,906.75"",""Materials"",""ES0164180012"",""Bolsa De Madrid"",""Spain"",""EUR"""
"VAR1,""VARTA AG"",""Equity"",""0.08"",""27.86"",""22,438.00"",""625,122.68"",""625,122.68"",""Industrials"",""DE000A0TGJ55"",""Xetra"",""Germany"",""EUR"""
"FFARM,""FORFARMERS NV"",""Equity"",""0.08"",""9.96"",""62,456.00"",""622,061.76"",""622,061.76"",""Consumer Staples"",""NL0011832811"",""Euronext Amsterdam"",""Netherlands"",""EUR"""
"CWC,""CEWE STIFTUNG"",""Equity"",""0.08"",""67.50"",""9,212.00"",""621,810.00"",""621,810.00"",""Industrials"",""DE0005403901"",""Xetra"",""Germany"",""EUR"""
"FIA1S,""FINNAIR"",""Equity"",""0.08"",""6.66"",""93,210.00"",""620,312.55"",""620,312.55"",""Industrials"",""FI0009003230"",""Nasdaq Omx Helsinki Ltd."",""Finland"",""EUR"""
"TOKMAN,""TOKMANNI GROUP CORPORATION"",""Equity"",""0.08"",""7.54"",""82,093.00"",""618,570.76"",""618,570.76"",""Consumer Discretionary"",""FI4000197934"",""Nasdaq Omx Helsinki Ltd."",""Finland"",""EUR"""
"IBAB,""ION BEAM APPLICATIONS SA"",""Equity"",""0.08"",""16.79"",""36,540.00"",""613,506.60"",""613,506.60"",""Health Care"",""BE0003766806"",""Nyse Euronext - Euronext Brussels"",""Belgium"",""EUR"""
"CDR,""CODERE SA"",""Equity"",""0.08"",""6.42"",""95,493.00"",""613,065.06"",""613,065.06"",""Consumer Discretionary"",""ES0119256032"",""Bolsa De Madrid"",""Spain"",""EUR"""
"KENDR,""KENDRION N.V."",""Equity"",""0.08"",""27.15"",""22,580.00"",""613,047.00"",""613,047.00"",""Industrials"",""NL0000852531"",""Euronext Amsterdam"",""Netherlands"",""EUR"""
"DRW3,""DRAEGERWERK PREF AG"",""Equity"",""0.08"",""47.72"",""12,823.00"",""611,913.56"",""611,913.56"",""Health Care"",""DE0005550636"",""Xetra"",""Germany"",""EUR"""
"AAG,""AUMANN AG"",""Equity"",""0.08"",""48.80"",""12,536.00"",""611,756.80"",""611,756.80"",""Industrials"",""DE000A2DAM03"",""Xetra"",""Germany"",""EUR"""
"FACC,""FACC"",""Equity"",""0.07"",""16.30"",""37,425.00"",""610,027.50"",""610,027.50"",""Industrials"",""AT00000FACC2"",""Wiener Boerse Ag"",""Austria"",""EUR"""
"VOS,""VOSSLOH AG"",""Equity"",""0.07"",""40.85"",""14,802.00"",""604,661.70"",""604,661.70"",""Industrials"",""DE0007667107"",""Xetra"",""Germany"",""EUR"""
"DOB,""DOBANK"",""Equity"",""0.07"",""9.13"",""65,661.00"",""599,813.23"",""599,813.23"",""Financials"",""IT0001044996"",""Borsa Italiana"",""Italy"",""EUR"""
"BSS,""BIESSE S.P.A."",""Equity"",""0.07"",""25.80"",""23,183.00"",""598,121.40"",""598,121.40"",""Industrials"",""IT0003097257"",""Borsa Italiana"",""Italy"",""EUR"""
"GBT,""GUERBET S.A."",""Equity"",""0.07"",""58.90"",""10,117.00"",""595,891.30"",""595,891.30"",""Health Care"",""FR0000032526"",""Nyse Euronext - Euronext Paris"",""France"",""EUR"""
"TLGO,""TALGO SA"",""Equity"",""0.07"",""4.13"",""142,569.00"",""589,522.81"",""589,522.81"",""Industrials"",""ES0105065009"",""Bolsa De Madrid"",""Spain"",""EUR"""
"BYW6,""BAYWA AG"",""Equity"",""0.07"",""26.75"",""22,024.00"",""589,142.00"",""589,142.00"",""Industrials"",""DE0005194062"",""Xetra"",""Germany"",""EUR"""
"BCART,""BIOCARTIS GROUP NV"",""Equity"",""0.07"",""11.72"",""50,029.00"",""586,339.88"",""586,339.88"",""Health Care"",""BE0974281132"",""Nyse Euronext - Euronext Brussels"",""Belgium"",""EUR"""
"IF,""BANCA IFIS"",""Equity"",""0.07"",""16.40"",""35,578.00"",""583,479.20"",""583,479.20"",""Financials"",""IT0003188064"",""Borsa Italiana"",""Italy"",""EUR"""
"CRI,""CHARGEURS SA"",""Equity"",""0.07"",""19.26"",""30,194.00"",""581,536.44"",""581,536.44"",""Consumer Discretionary"",""FR0000130692"",""Nyse Euronext - Euronext Paris"",""France"",""EUR"""
"GIMA,""GIMA TT"",""Equity"",""0.07"",""9.84"",""59,090.00"",""581,445.60"",""581,445.60"",""Industrials"",""IT0005279143"",""Borsa Italiana"",""Italy"",""EUR"""
"PON1V,""PONSSE OYJ"",""Equity"",""0.07"",""29.05"",""19,981.00"",""580,448.05"",""580,448.05"",""Industrials"",""FI0009005078"",""Nasdaq Omx Helsinki Ltd."",""Finland"",""EUR"""
"INTO,""INTERVEST OFFICES & WAREHOUSES S.A"",""Equity"",""0.07"",""22.75"",""25,509.00"",""580,329.75"",""580,329.75"",""Real Estate"",""BE0003746600"",""Nyse Euronext - Euronext Brussels"",""Belgium"",""EUR"""
"TUB,""TUBACEX S.A."",""Equity"",""0.07"",""3.02"",""192,181.00"",""579,425.71"",""579,425.71"",""Materials"",""ES0132945017"",""Bolsa De Madrid"",""Spain"",""EUR"""
"IDL,""ID LOGISTICS"",""Equity"",""0.07"",""146.80"",""3,937.00"",""577,951.60"",""577,951.60"",""Industrials"",""FR0010929125"",""Nyse Euronext - Euronext Paris"",""France"",""EUR"""
"OVS,""OVS SPA"",""Equity"",""0.07"",""1.80"",""316,623.00"",""570,238.02"",""570,238.02"",""Consumer Discretionary"",""IT0005043507"",""Borsa Italiana"",""Italy"",""EUR"""
"ECONB,""ECONOCOM GROUP"",""Equity"",""0.07"",""2.52"",""226,399.00"",""569,619.88"",""569,619.88"",""Information Technology"",""BE0974313455"",""Nyse Euronext - Euronext Brussels"",""Belgium"",""EUR"""
"MTU,""MANITOU BF SA"",""Equity"",""0.07"",""28.10"",""19,938.00"",""560,257.80"",""560,257.80"",""Industrials"",""FR0000038606"",""Nyse Euronext - Euronext Paris"",""France"",""EUR"""
"IGD,""IMMOBILIARE GRANDE DISTRIBUZIONE S"",""Equity"",""0.07"",""5.96"",""93,875.00"",""559,401.12"",""559,401.12"",""Real Estate"",""IT0005322612"",""Borsa Italiana"",""Italy"",""EUR"""
"ADV,""ADVA OPTICAL NETWORKING"",""Equity"",""0.07"",""7.01"",""76,556.00"",""537,040.34"",""537,040.34"",""Information Technology"",""DE0005103006"",""Xetra"",""Germany"",""EUR"""
"OKDBV,""ORIOLA CORPORATION B"",""Equity"",""0.07"",""2.68"",""200,138.00"",""536,369.84"",""536,369.84"",""Health Care"",""FI0009014351"",""Nasdaq Omx Helsinki Ltd."",""Finland"",""EUR"""
"REC,""RECTICEL NV"",""Equity"",""0.07"",""8.21"",""64,628.00"",""530,595.88"",""530,595.88"",""Materials"",""BE0003656676"",""Nyse Euronext - Euronext Brussels"",""Belgium"",""EUR"""
"IL0A,""PERMANENT TSB GROUP HOLDINGS PLC"",""Equity"",""0.06"",""2.08"",""248,530.00"",""516,942.40"",""516,942.40"",""Financials"",""IE00BWB8X525"",""Irish Stock Exchange - All Market"",""Ireland"",""EUR"""
"SAL,""SALINI IMPREGILO"",""Equity"",""0.06"",""1.83"",""281,423.00"",""513,596.97"",""513,596.97"",""Industrials"",""IT0003865570"",""Borsa Italiana"",""Italy"",""EUR"""
"MITRA,""MITHRA PHARMACEUTICALS SA"",""Equity"",""0.06"",""25.00"",""20,538.00"",""513,450.00"",""513,450.00"",""Health Care"",""BE0974283153"",""Nyse Euronext - Euronext Brussels"",""Belgium"",""EUR"""
"COM,""COMDIRECT BANK AG"",""Equity"",""0.06"",""10.74"",""46,746.00"",""502,052.04"",""502,052.04"",""Financials"",""DE0005428007"",""Xetra"",""Germany"",""EUR"""
"ITM,""ITALMOBILIARE"",""Equity"",""0.06"",""19.14"",""26,228.00"",""502,003.92"",""502,003.92"",""Industrials"",""IT0005253205"",""Borsa Italiana"",""Italy"",""EUR"""
"FILA,""FILA"",""Equity"",""0.06"",""16.84"",""29,173.00"",""491,273.32"",""491,273.32"",""Industrials"",""IT0004967292"",""Borsa Italiana"",""Italy"",""EUR"""
"MLP,""MLP"",""Equity"",""0.06"",""5.05"",""96,964.00"",""489,668.20"",""489,668.20"",""Financials"",""DE0006569908"",""Xetra"",""Germany"",""EUR"""
"PIA,""PIAGGIO & C.S.P.A."",""Equity"",""0.06"",""1.78"",""271,349.00"",""484,357.96"",""484,357.96"",""Consumer Discretionary"",""IT0003073266"",""Borsa Italiana"",""Italy"",""EUR"""
"CIR,""COMPAGNIE INDUSTRIALI RIUNITE S.P."",""Equity"",""0.06"",""0.93"",""509,042.00"",""475,445.23"",""475,445.23"",""Industrials"",""IT0000080447"",""Borsa Italiana"",""Italy"",""EUR"""
"LNA,""LNA SANTE SA"",""Equity"",""0.06"",""48.75"",""9,567.00"",""466,391.25"",""466,391.25"",""Health Care"",""FR0004170017"",""Nyse Euronext - Euronext Paris"",""France"",""EUR"""
"FTK,""FINTECH GROUP AG"",""Equity"",""0.06"",""25.45"",""17,939.00"",""456,547.55"",""456,547.55"",""Financials"",""DE000FTG1111"",""Xetra"",""Germany"",""EUR"""
"RAL,""RALLYE SA"",""Equity"",""0.06"",""10.14"",""44,903.00"",""455,316.42"",""455,316.42"",""Consumer Staples"",""FR0000060618"",""Nyse Euronext - Euronext Paris"",""France"",""EUR"""
"DAN,""DANIELI & C. OFFICINE MECCANICHE S"",""Equity"",""0.06"",""21.10"",""21,544.00"",""454,578.40"",""454,578.40"",""Industrials"",""IT0000076502"",""Borsa Italiana"",""Italy"",""EUR"""
"POS,""PORR AG"",""Equity"",""0.06"",""24.60"",""18,259.00"",""449,171.40"",""449,171.40"",""Industrials"",""AT0000609607"",""Wiener Boerse Ag"",""Austria"",""EUR"""
"FSC1V,""F SECURE"",""Equity"",""0.05"",""2.87"",""156,329.00"",""447,882.59"",""447,882.59"",""Information Technology"",""FI0009801310"",""Nasdaq Omx Helsinki Ltd."",""Finland"",""EUR"""
"BRNL,""BRUNEL INTERNATIONAL NV"",""Equity"",""0.05"",""12.01"",""36,761.00"",""441,499.61"",""441,499.61"",""Industrials"",""NL0010776944"",""Euronext Amsterdam"",""Netherlands"",""EUR"""
"JCQ,""JACQUET METAL SERVICE SA"",""Equity"",""0.05"",""19.30"",""22,667.00"",""437,473.10"",""437,473.10"",""Industrials"",""FR0000033904"",""Nyse Euronext - Euronext Paris"",""France"",""EUR"""
"BINCK,""BINCKBANK NV"",""Equity"",""0.05"",""4.69"",""93,230.00"",""437,248.70"",""437,248.70"",""Financials"",""NL0000335578"",""Euronext Amsterdam"",""Netherlands"",""EUR"""
"CC1,""CONSUS REAL ESTATE AG"",""Equity"",""0.05"",""7.40"",""57,904.00"",""428,489.60"",""428,489.60"",""Real Estate"",""DE000A2DA414"",""Xetra"",""Germany"",""EUR"""
"ZIL2,""ELRINGKLINGER AG"",""Equity"",""0.05"",""8.00"",""53,208.00"",""425,664.00"",""425,664.00"",""Consumer Discretionary"",""DE0007856023"",""Xetra"",""Germany"",""EUR"""
"CDA,""COMPAGNIE DES ALPES S.A."",""Equity"",""0.05"",""24.75"",""17,164.00"",""424,809.00"",""424,809.00"",""Consumer Discretionary"",""FR0000053324"",""Nyse Euronext - Euronext Paris"",""France"",""EUR"""
"MAU,""MAUREL ET PROM SA"",""Equity"",""0.05"",""4.54"",""92,633.00"",""420,090.66"",""420,090.66"",""Energy"",""FR0000051070"",""Nyse Euronext - Euronext Paris"",""France"",""EUR"""
"SBS,""STRATEC BIOMEDICAL AG"",""Equity"",""0.05"",""53.70"",""7,739.00"",""415,584.30"",""415,584.30"",""Health Care"",""DE000STRA555"",""Xetra"",""Germany"",""EUR"""
"LAT,""LATECOERE S.A."",""Equity"",""0.05"",""3.81"",""108,734.00"",""413,732.87"",""413,732.87"",""Industrials"",""FR0000032278"",""Nyse Euronext - Euronext Paris"",""France"",""EUR"""
"ZV,""ZIGNAGO VETRO S.P.A."",""Equity"",""0.05"",""8.69"",""47,476.00"",""412,566.44"",""412,566.44"",""Materials"",""IT0004171440"",""Borsa Italiana"",""Italy"",""EUR"""
"ZAG,""ZUMTOBEL GROUP AG"",""Equity"",""0.05"",""8.36"",""48,145.00"",""402,492.20"",""402,492.20"",""Industrials"",""AT0000837307"",""Wiener Boerse Ag"",""Austria"",""EUR"""
"PRS,""PROMOTORA DE INFORMACIONES SA SA A"",""Equity"",""0.05"",""1.71"",""234,354.00"",""401,682.76"",""401,682.76"",""Communication"",""ES0171743901"",""Bolsa De Madrid"",""Spain"",""EUR"""
"CSSE,""CASH COLLATERAL EUR CSFBI"",""Cash Collateral and Margins"",""0.05"",""100.00"",""393,000.00"",""393,000.00"",""393,000.00"",""Cash and/or Derivatives"",""-"",""-"",""European Union"",""EUR"""
"STO3,""STO PREF"",""Equity"",""0.05"",""93.70"",""4,162.00"",""389,979.40"",""389,979.40"",""Materials"",""DE0007274136"",""Xetra"",""Germany"",""EUR"""
"CEM,""CEMENTIR HOLDING S.P.A."",""Equity"",""0.05"",""5.35"",""72,747.00"",""389,196.45"",""389,196.45"",""Materials"",""IT0003126783"",""Borsa Italiana"",""Italy"",""EUR"""
"EVS,""EVS BROADCAST EQ SA"",""Equity"",""0.05"",""16.32"",""23,481.00"",""383,209.92"",""383,209.92"",""Information Technology"",""BE0003820371"",""Nyse Euronext - Euronext Brussels"",""Belgium"",""EUR"""
"LEHTO,""LEHTO GROUP"",""Equity"",""0.05"",""7.26"",""52,504.00"",""381,179.04"",""381,179.04"",""Industrials"",""FI4000081138"",""Nasdaq Omx Helsinki Ltd."",""Finland"",""EUR"""
"AUB,""AUBAY SA"",""Equity"",""0.05"",""35.20"",""10,631.00"",""374,211.20"",""374,211.20"",""Information Technology"",""FR0000063737"",""Nyse Euronext - Euronext Paris"",""France"",""EUR"""
"SBT,""OENEO SA"",""Equity"",""0.04"",""9.27"",""39,544.00"",""366,572.88"",""366,572.88"",""Materials"",""FR0000052680"",""Nyse Euronext - Euronext Paris"",""France"",""EUR"""
"RLIA,""REALIA BUSINESS S.A."",""Equity"",""0.04"",""0.98"",""370,344.00"",""362,937.12"",""362,937.12"",""Real Estate"",""ES0173908015"",""Bolsa De Madrid"",""Spain"",""EUR"""
"ELG,""ELMOS SEMICONDUCTOR AG"",""Equity"",""0.04"",""19.52"",""18,590.00"",""362,876.80"",""362,876.80"",""Information Technology"",""DE0005677108"",""Xetra"",""Germany"",""EUR"""
"IPH,""INNATE PHARMA SA"",""Equity"",""0.04"",""4.85"",""74,484.00"",""361,545.34"",""361,545.34"",""Health Care"",""FR0010331421"",""Nyse Euronext - Euronext Paris"",""France"",""EUR"""
"AGR,""AGRANA BETEILIGUNGS AG"",""Equity"",""0.04"",""17.02"",""21,223.00"",""361,215.46"",""361,215.46"",""Consumer Staples"",""AT000AGRANA3"",""Wiener Boerse Ag"",""Austria"",""EUR"""
"FKR,""FALCK RENEWABLES S.P.A."",""Equity"",""0.04"",""1.79"",""200,519.00"",""358,527.97"",""358,527.97"",""Utilities"",""IT0003198790"",""Borsa Italiana"",""Italy"",""EUR"""
"SDG,""SYNERGIE"",""Equity"",""0.04"",""29.75"",""12,019.00"",""357,565.25"",""357,565.25"",""Industrials"",""FR0000032658"",""Nyse Euronext - Euronext Paris"",""France"",""EUR"""
"OHL,""OBRASCON HUARTE LAIN S.A."",""Equity"",""0.04"",""1.23"",""288,643.00"",""354,164.96"",""354,164.96"",""Industrials"",""ES0142090317"",""Bolsa De Madrid"",""Spain"",""EUR"""
"S92,""SMA SOLAR TECHNOLOGY AG"",""Equity"",""0.04"",""20.16"",""17,484.00"",""352,477.44"",""352,477.44"",""Information Technology"",""DE000A0DJ6J9"",""Xetra"",""Germany"",""EUR"""
"AM3D,""SLM SOLUTIONS GROUP AG"",""Equity"",""0.04"",""16.94"",""20,787.00"",""352,131.78"",""352,131.78"",""Industrials"",""DE000A111338"",""Xetra"",""Germany"",""EUR"""
"CAI,""CAIRO COMMUNICATION S.P.A."",""Equity"",""0.04"",""2.88"",""121,883.00"",""351,023.04"",""351,023.04"",""Communication"",""IT0004329733"",""Borsa Italiana"",""Italy"",""EUR"""
"EDR,""EDREAMS ODIGEO SA"",""Equity"",""0.04"",""3.48"",""100,364.00"",""349,768.54"",""349,768.54"",""Consumer Discretionary"",""LU1048328220"",""Bolsa De Madrid"",""Spain"",""EUR"""
"PHM,""PHARMA MAR SA"",""Equity"",""0.04"",""1.13"",""308,393.00"",""347,250.52"",""347,250.52"",""Health Care"",""ES0169501030"",""Bolsa De Madrid"",""Spain"",""EUR"""
"ABCA,""ABC ARBITRAGE S.A."",""Equity"",""0.04"",""6.17"",""55,551.00"",""342,749.67"",""342,749.67"",""Financials"",""FR0004040608"",""Nyse Euronext - Euronext Paris"",""France"",""EUR"""
"ASC,""ASCOPIAVE S.P.A."",""Equity"",""0.04"",""3.09"",""110,328.00"",""340,361.88"",""340,361.88"",""Utilities"",""IT0004093263"",""Borsa Italiana"",""Italy"",""EUR"""
"BSL,""BASLER AG"",""Equity"",""0.04"",""159.00"",""2,108.00"",""335,172.00"",""335,172.00"",""Information Technology"",""DE0005102008"",""Xetra"",""Germany"",""EUR"""
"HBM,""HORNBACH-BAUMARKT AG"",""Equity"",""0.04"",""24.45"",""13,230.00"",""323,473.50"",""323,473.50"",""Consumer Discretionary"",""DE0006084403"",""Xetra"",""Germany"",""EUR"""
"ELN,""EL EN"",""Equity"",""0.04"",""18.58"",""17,401.00"",""323,310.58"",""323,310.58"",""Health Care"",""IT0005188336"",""Borsa Italiana"",""Italy"",""EUR"""
"SES,""SESA"",""Equity"",""0.04"",""24.15"",""13,024.00"",""314,529.60"",""314,529.60"",""Information Technology"",""IT0004729759"",""Borsa Italiana"",""Italy"",""EUR"""
"CRG,""BANCA CARIGE SPA CASSA DI RISPARMI"",""Equity"",""0.04"",""0.01"",""57,115,986.00"",""314,137.92"",""314,137.92"",""Financials"",""IT0005108763"",""Borsa Italiana"",""Italy"",""EUR"""
"GLO,""GL EVENTS SA"",""Equity"",""0.04"",""18.86"",""16,620.00"",""313,453.20"",""313,453.20"",""Industrials"",""FR0000066672"",""Nyse Euronext - Euronext Paris"",""France"",""EUR"""
"GFT,""GFT TECHNOLOGIES"",""Equity"",""0.04"",""10.05"",""31,152.00"",""313,077.60"",""313,077.60"",""Information Technology"",""DE0005800601"",""Xetra"",""Germany"",""EUR"""
"KTCG,""KAPSCH TRAFFICCOM AG"",""Equity"",""0.04"",""33.50"",""9,300.00"",""311,550.00"",""311,550.00"",""Information Technology"",""AT000KAPSCH9"",""Wiener Boerse Ag"",""Austria"",""EUR"""
"ALGIL,""GROUPE GUILLIN SA"",""Equity"",""0.04"",""22.90"",""13,536.00"",""309,974.40"",""309,974.40"",""Materials"",""FR0012819381"",""Nyse Euronext - Euronext Paris"",""France"",""EUR"""
"CEN,""GROUPE CRIT SA"",""Equity"",""0.04"",""65.80"",""4,650.00"",""305,970.00"",""305,970.00"",""Industrials"",""FR0000036675"",""Nyse Euronext - Euronext Paris"",""France"",""EUR"""
"NYR,""NYRSTAR NV"",""Equity"",""0.04"",""2.11"",""143,154.00"",""302,627.56"",""302,627.56"",""Materials"",""BE0974294267"",""Nyse Euronext - Euronext Brussels"",""Belgium"",""EUR"""
"ECNL,""AQUAFIL"",""Equity"",""0.04"",""11.80"",""24,862.00"",""293,371.60"",""293,371.60"",""Consumer Discretionary"",""IT0005241192"",""Borsa Italiana"",""Italy"",""EUR"""
"MN,""ARNOLDO MONDADORI EDITORE"",""Equity"",""0.04"",""1.47"",""196,291.00"",""287,762.61"",""287,762.61"",""Communication"",""IT0001469383"",""Borsa Italiana"",""Italy"",""EUR"""
"EXM,""EXMAR NV NV"",""Equity"",""0.04"",""5.96"",""47,872.00"",""285,317.12"",""285,317.12"",""Energy"",""BE0003808251"",""Nyse Euronext - Euronext Brussels"",""Belgium"",""EUR"""
"SIFG,""SIF HOLDING NV"",""Equity"",""0.03"",""15.58"",""17,791.00"",""277,183.78"",""277,183.78"",""Industrials"",""NL0011660485"",""Euronext Amsterdam"",""Netherlands"",""EUR"""
"AKW,""AKWEL"",""Equity"",""0.03"",""17.98"",""15,370.00"",""276,352.60"",""276,352.60"",""Consumer Discretionary"",""FR0000053027"",""Nyse Euronext - Euronext Paris"",""France"",""EUR"""
"B5A,""BAUER AG"",""Equity"",""0.03"",""14.90"",""18,404.00"",""274,219.60"",""274,219.60"",""Industrials"",""DE0005168108"",""Xetra"",""Germany"",""EUR"""
"OHB,""OHB"",""Equity"",""0.03"",""31.85"",""8,601.00"",""273,941.85"",""273,941.85"",""Industrials"",""DE0005936124"",""Xetra"",""Germany"",""EUR"""
"ED4,""EDAG ENGINEERING GROUP AG"",""Equity"",""0.03"",""17.60"",""15,528.00"",""273,292.80"",""273,292.80"",""Consumer Discretionary"",""CH0303692047"",""Xetra"",""Germany"",""EUR"""
"MBB,""MBB"",""Equity"",""0.03"",""84.10"",""3,239.00"",""272,399.90"",""272,399.90"",""Industrials"",""DE000A0ETBQ4"",""Xetra"",""Germany"",""EUR"""
"GBB,""BOURBON CORPORATION SA"",""Equity"",""0.03"",""5.28"",""51,117.00"",""269,897.76"",""269,897.76"",""Energy"",""FR0004548873"",""Nyse Euronext - Euronext Paris"",""France"",""EUR"""
"SIOE,""SIOEN INDUSTRIES NV"",""Equity"",""0.03"",""23.20"",""11,544.00"",""267,820.80"",""267,820.80"",""Consumer Discretionary"",""BE0003743573"",""Nyse Euronext - Euronext Brussels"",""Belgium"",""EUR"""
"PIG,""HAULOTTE GROUP SA"",""Equity"",""0.03"",""10.92"",""24,165.00"",""263,881.80"",""263,881.80"",""Industrials"",""FR0000066755"",""Nyse Euronext - Euronext Paris"",""France"",""EUR"""
"SEM,""SEMPERIT HOLDING AG"",""Equity"",""0.03"",""15.60"",""16,875.00"",""263,250.00"",""263,250.00"",""Industrials"",""AT0000785555"",""Wiener Boerse Ag"",""Austria"",""EUR"""
"LNSX,""SIXT LEASING"",""Equity"",""0.03"",""13.24"",""19,636.00"",""259,980.64"",""259,980.64"",""Industrials"",""DE000A0DPRE6"",""Xetra"",""Germany"",""EUR"""
"SUR,""SURTECO GROUP"",""Equity"",""0.03"",""21.45"",""12,036.00"",""258,172.20"",""258,172.20"",""Consumer Discretionary"",""DE0005176903"",""Xetra"",""Germany"",""EUR"""
"ASY,""ASSYSTEM SA"",""Equity"",""0.03"",""27.10"",""9,435.00"",""255,688.50"",""255,688.50"",""Industrials"",""FR0000074148"",""Nyse Euronext - Euronext Paris"",""France"",""EUR"""
"DRW8,""DRAEGERWERK AG SHS"",""Equity"",""0.03"",""45.25"",""5,284.00"",""239,101.00"",""239,101.00"",""Health Care"",""DE0005550602"",""Xetra"",""Germany"",""EUR"""
"ADB,""AEROPORTO GUGLIELMO MARCONI DI BOL"",""Equity"",""0.03"",""12.50"",""18,971.00"",""237,137.50"",""237,137.50"",""Industrials"",""IT0001006128"",""Borsa Italiana"",""Italy"",""EUR"""
"GEO,""GEOX"",""Equity"",""0.03"",""1.83"",""128,117.00"",""233,813.52"",""233,813.52"",""Consumer Discretionary"",""IT0003697080"",""Borsa Italiana"",""Italy"",""EUR"""
"PYT,""POLYTEC HOLDING AG"",""Equity"",""0.03"",""9.71"",""23,453.00"",""227,728.63"",""227,728.63"",""Consumer Discretionary"",""AT0000A00XX9"",""Wiener Boerse Ag"",""Austria"",""EUR"""
"ACX,""BET-AT-HOME.COM AG"",""Equity"",""0.03"",""49.52"",""4,406.00"",""218,185.12"",""218,185.12"",""Consumer Discretionary"",""DE000A0DNAY5"",""Xetra"",""Germany"",""EUR"""
"GBP,""GBP CASH"",""Cash"",""0.03"",""113.92"",""189,688.00"",""216,085.31"",""216,085.31"",""Cash and/or Derivatives"",""-"",""-"",""United Kingdom"",""GBP"""
"PVL,""PLASTIQUES DU VAL DE LOIRE SA"",""Equity"",""0.03"",""11.32"",""18,966.00"",""214,695.12"",""214,695.12"",""Materials"",""FR0013252186"",""Nyse Euronext - Euronext Paris"",""France"",""EUR"""
"AXW,""AXWAY SOFTWARE S.A."",""Equity"",""0.03"",""15.50"",""13,831.00"",""214,380.50"",""214,380.50"",""Information Technology"",""FR0011040500"",""Nyse Euronext - Euronext Paris"",""France"",""EUR"""
"SEN,""SENVION SA"",""Equity"",""0.03"",""5.21"",""40,743.00"",""212,271.03"",""212,271.03"",""Industrials"",""LU1377527517"",""Xetra"",""Germany"",""EUR"""
"FRU,""FERRATUM"",""Equity"",""0.03"",""12.72"",""16,527.00"",""210,223.44"",""210,223.44"",""Financials"",""FI4000106299"",""Xetra"",""Germany"",""EUR"""
"VBK,""VERBIO VEREINIGTE BIOENERGIE AG"",""Equity"",""0.03"",""5.55"",""37,510.00"",""208,368.05"",""208,368.05"",""Energy"",""DE000A0JL9W6"",""Xetra"",""Germany"",""EUR"""
"VAN,""VAN DE VELDE NV"",""Equity"",""0.03"",""22.90"",""9,016.00"",""206,466.40"",""206,466.40"",""Consumer Discretionary"",""BE0003839561"",""Nyse Euronext - Euronext Brussels"",""Belgium"",""EUR"""
"ES,""ESSO SOCIETE ANONYME FRANCAISE SA"",""Equity"",""0.02"",""39.65"",""4,810.00"",""190,716.50"",""190,716.50"",""Energy"",""FR0000120669"",""Nyse Euronext - Euronext Paris"",""France"",""EUR"""
"EGL,""MOTA-ENGIL SGPS S/A"",""Equity"",""0.02"",""1.88"",""99,731.00"",""187,893.20"",""187,893.20"",""Industrials"",""PTMEN0AE0005"",""Nyse Euronext - Euronext Lisbon"",""Portugal"",""EUR"""
"DEA,""DEA CAPITAL"",""Equity"",""0.02"",""1.29"",""144,363.00"",""185,939.54"",""185,939.54"",""Financials"",""IT0001431805"",""Borsa Italiana"",""Italy"",""EUR"""
"GREEN,""GREENYARD NV"",""Equity"",""0.02"",""7.65"",""24,130.00"",""184,594.50"",""184,594.50"",""Consumer Staples"",""BE0003765790"",""Nyse Euronext - Euronext Brussels"",""Belgium"",""EUR"""
"PRI,""PRIMA INDUSTRIE S.P.A."",""Equity"",""0.02"",""25.60"",""6,869.00"",""175,846.40"",""175,846.40"",""Industrials"",""IT0003124663"",""Borsa Italiana"",""Italy"",""EUR"""
"STCBV,""STOCKMANN"",""Equity"",""0.02"",""3.54"",""49,207.00"",""174,438.82"",""174,438.82"",""Consumer Discretionary"",""FI0009000251"",""Nasdaq Omx Helsinki Ltd."",""Finland"",""EUR"""
"SRP,""SRP GROUPE SA"",""Equity"",""0.02"",""4.65"",""37,279.00"",""173,347.35"",""173,347.35"",""Consumer Discretionary"",""FR0013006558"",""Nyse Euronext - Euronext Paris"",""France"",""EUR"""
"STAGR,""STALLERGENES GREER PLC"",""Equity"",""0.02"",""28.05"",""6,007.00"",""168,496.35"",""168,496.35"",""Health Care"",""GB00BZ21RF93"",""Nyse Euronext - Euronext Paris"",""France"",""EUR"""
"ATRAV,""ATRIA"",""Equity"",""0.02"",""8.92"",""18,780.00"",""167,517.60"",""167,517.60"",""Consumer Staples"",""FI0009006548"",""Nasdaq Omx Helsinki Ltd."",""Finland"",""EUR"""
"FGA,""FIGEAC AERO"",""Equity"",""0.02"",""13.32"",""12,388.00"",""165,008.16"",""165,008.16"",""Industrials"",""FR0011665280"",""Nyse Euronext - Euronext Paris"",""France"",""EUR"""
"LD,""LA DORIA S.P.A."",""Equity"",""0.02"",""9.72"",""16,009.00"",""155,607.48"",""155,607.48"",""Consumer Staples"",""IT0001055521"",""Borsa Italiana"",""Italy"",""EUR"""
"VAC,""PIERRE ET VACANCES SA"",""Equity"",""0.02"",""21.00"",""7,397.00"",""155,337.00"",""155,337.00"",""Consumer Discretionary"",""FR0000073041"",""Nyse Euronext - Euronext Paris"",""France"",""EUR"""
"2HRA,""H&R"",""Equity"",""0.02"",""6.84"",""19,922.00"",""136,266.48"",""136,266.48"",""Materials"",""DE000A2E4T77"",""Xetra"",""Germany"",""EUR"""
"GWI1,""GERRY WEBER INTERNATIONAL AG AG"",""Equity"",""0.02"",""3.10"",""40,739.00"",""126,290.90"",""126,290.90"",""Consumer Discretionary"",""DE0003304101"",""Xetra"",""Germany"",""EUR"""
"SO,""SOGEFI"",""Equity"",""0.02"",""1.68"",""74,551.00"",""124,947.48"",""124,947.48"",""Consumer Discretionary"",""IT0000076536"",""Borsa Italiana"",""Italy"",""EUR"""
"SFL,""SAFILO GROUP S.P.A."",""Equity"",""0.01"",""1.89"",""61,857.00"",""117,033.44"",""117,033.44"",""Consumer Discretionary"",""IT0004604762"",""Borsa Italiana"",""Italy"",""EUR"""
"VAO,""VAPIANO"",""Equity"",""0.01"",""7.07"",""15,762.00"",""111,437.34"",""111,437.34"",""Consumer Discretionary"",""DE000A0WMNK9"",""Xetra"",""Germany"",""EUR"""
"USD,""USD CASH"",""Cash"",""0.00"",""86.73"",""13,278.00"",""11,516.14"",""11,516.14"",""Cash and/or Derivatives"",""-"",""-"",""United States"",""USD"""
"PVA,""PESCANOVA S.A."",""Equity"",""0.00"",""0.50"",""8,349.00"",""4,174.50"",""4,174.50"",""Consumer Staples"",""ES0169350016"",""Bolsa De Madrid"",""Spain"",""EUR"""
"VGZ8,""EURO STOXX 50 DEC 18"",""Futures"",""0.00"",""3,233.00"",""171.00"",""0.00"",""5,528,430.00"",""Cash and/or Derivatives"",""DE000C0NSER7"",""Eurex Deutschland"",""European Union"",""EUR"""
"DIREN,""DIRECT ENERGIE CVR"",""Equity"",""0.00"",""0.00"",""22,230.00"",""0.22"",""0.22"",""Utilities"",""-"",""NO MARKET (E.G. UNLISTED)"",""France"",""EUR"""
"MAU,""MAUREL ET PROM ENTITLEMENT SHARE"",""Equity"",""0.00"",""0.00"",""133,387.00"",""1.33"",""1.33"",""Energy"",""FR0013228921"",""Nyse Euronext - Euronext Paris"",""France"",""EUR"""
"CPBANK,""CYPRUS POPULAR BANK PUBLIC CO LTD"",""Equity"",""0.00"",""0.00"",""1,964,233.00"",""19.64"",""19.64"",""Financials"",""CY0000200119"",""Athens Exchange S.A. Cash Market"",""Greece"",""EUR"""
"SR,""SNS REAAL N.V."",""Equity"",""0.00"",""0.00"",""105,609.00"",""1.06"",""1.06"",""Financials"",""NL0000390706"",""Euronext Amsterdam"",""Netherlands"",""EUR"""
"GOW,""LETS GOWEX SA"",""Equity"",""0.00"",""0.00"",""38,771.00"",""0.39"",""0.39"",""Communication"",""ES0158252033"",""Bolsa De Madrid"",""Spain"",""EUR"""
"-,""BENI STABILI REIT RTS"",""Equity"",""0.00"",""0.00"",""1,505,195.00"",""15.05"",""15.05"",""Other"",""IT0005348849"",""-"",""Italy"",""EUR"""
"AB002,""ABENGOA SA CALL .0002 EUR ABENGOA"",""Equity"",""0.00"",""0.00"",""869,866.00"",""8.70"",""8,851.20"",""Industrials"",""ES0605200015"",""Bolsa De Madrid"",""Spain"",""EUR"""
 
